source,variant,regime,rep,method,estimate,tau_error,oracle_bias,d_joint,d_x,d_w,t_sum,s2_sum,n_neg_shift,dropped_mass
acic,v1_linear,primary,0,x_only,2.2942529854450306,1.2942529854450306,1.2652552820070992,0.05227563373626589,0.0380179099258464,0.07483695671840554,0.6326276410035494,0.4558435112805117,1,1.1102230246251565e-16
acic,v1_linear,primary,0,joint,2.037697158186717,1.0376971581867172,0.9850609926182787,0.04767622634695427,0.03724738804941735,0.06235765349456593,0.49253049630913953,0.250021769116776,1,0.0
acic,v1_linear,primary,0,constrained,2.1164937006120965,1.1164937006120965,1.0821379191531322,0.0457131681758862,0.03155046810916478,0.06048880053049432,0.5432518363028132,0.29791802462208056,0,0.008333333333333415
acic,v1_linear,primary,1,x_only,1.9959687775313402,0.9959687775313402,0.9917105384088654,0.04587845008394796,0.03882055082559657,0.048769263653220596,0.4958552692044327,0.33708035062936614,0,0.0
acic,v1_linear,primary,1,joint,1.7241021599170665,0.7241021599170665,0.7269650156899286,0.0392499077273587,0.036226472484827583,0.03250444910471731,0.354121836081279,0.1802963392538821,1,0.010000000000000009
acic,v1_linear,primary,1,constrained,1.7198678453928893,0.7198678453928893,0.7206390515045786,0.04238156154063707,0.039407070044682746,0.03474731195629716,0.3603195257522891,0.1443993717110414,1,0.0
acic,v1_linear,primary,2,x_only,1.8197142736690959,0.8197142736690959,0.792567552361197,0.04676715018665435,0.03722981230266371,0.04923884207212858,0.3962837761805985,0.18480328461631632,0,0.0
acic,v1_linear,primary,2,joint,1.692547822571164,0.6925478225711641,0.6080611699726595,0.03902274688120116,0.033402611689291054,0.03565039887985716,0.3037109336387608,0.09277986529702405,0,0.0050000000000000044
acic,v1_linear,primary,2,constrained,1.5209912704360549,0.5209912704360549,0.48366015293671105,0.04459924046554528,0.03662149186686568,0.04287178025976588,0.24840857594357357,0.08580317104651863,0,0.0033333333333334103
acic,v1_linear,primary,3,x_only,1.6473835068959142,0.6473835068959142,0.6866244630232174,0.03712873769769689,0.03597398212068516,0.030086203869975656,0.3476348217988813,0.15092558642215156,0,0.0033333333333331883
acic,v1_linear,primary,3,joint,1.8804036010568927,0.8804036010568927,0.8949268088092424,0.03691662564590161,0.0303478463144525,0.04140937363080536,0.44746340440462107,0.22498704552817134,0,0.0
acic,v1_linear,primary,3,constrained,1.7202748529959064,0.7202748529959064,0.7348799363795337,0.028241897174416577,0.026404372843369685,0.02874218378863931,0.3674399681897669,0.14900518555881595,0,0.0
acic,v1_linear,primary,4,x_only,1.945195672264847,0.9451956722648469,0.9884108583239302,0.044765884381418104,0.03534559333263133,0.054152368563574124,0.49420542916196497,0.255635556392549,0,0.0
acic,v1_linear,primary,4,joint,1.6782759842465618,0.6782759842465618,0.7431624691532956,0.04334144675723905,0.03554141224242548,0.04549664800429106,0.37158123457664793,0.17313766139394382,0,0.0
acic,v1_linear,primary,4,constrained,1.4955597246015637,0.4955597246015637,0.5691693455008942,0.04497628614189823,0.04126514649784207,0.03897326090148016,0.2845846727504471,0.08484609903347352,0,0.0
acic,v1_linear,primary,5,x_only,1.7043012297116635,0.7043012297116635,0.8184871171345591,0.0513073140117619,0.0446282948257767,0.050613539786168636,0.4092435585672795,0.20857556518249531,2,0.0
acic,v1_linear,primary,5,joint,1.4772096629825346,0.47720966298253464,0.5459796754484039,0.04011094389549131,0.034498721208739744,0.03581849672906528,0.2729898377242021,0.16582406254611076,0,0.0
acic,v1_linear,primary,5,constrained,1.4110772834256724,0.4110772834256724,0.5122703246924825,0.042733798516899874,0.03430046402063388,0.03773921988699756,0.2561351623462413,0.08859056550129904,0,0.0
acic,v2_sine,primary,0,x_only,2.015305967725631,1.0153059677256309,0.8775252774369122,0.040905914106171316,0.03474096269876041,0.0406967365097513,0.44332584882661,0.20794268453635636,0,0.0033333333333332993
acic,v2_sine,primary,0,joint,1.708952753508866,0.708952753508866,0.5731675731613928,0.03430119744106065,0.03040049152494458,0.03656205640802899,0.28658378658069633,0.1314114941415907,1,0.0
acic,v2_sine,primary,0,constrained,1.5434566059505073,0.5434566059505073,0.42247653779854977,0.034847006222376145,0.032098868782002646,0.028775117039973704,0.20842175864728446,0.06230710345299938,1,0.01333333333333342
acic,v2_sine,primary,1,x_only,1.8868707552350152,0.8868707552350152,0.8720242261976898,0.038829015211634614,0.02975748785591219,0.0452810545030268,0.4323786788230214,0.25573565993095443,1,0.008333333333333304
acic,v2_sine,primary,1,joint,1.4854167903234172,0.4854167903234172,0.4423817137625361,0.03416392079105571,0.03235262390836045,0.022938413246324715,0.22119085688126808,0.05264032482875357,0,0.0
acic,v2_sine,primary,1,constrained,1.1396501386396125,0.1396501386396125,0.11786695118003876,0.03790286043621634,0.03383350606314944,0.028405200594090883,0.05893347559001943,0.03286674762537605,2,0.0
acic,v2_sine,primary,2,x_only,1.9154697711456328,0.9154697711456328,0.8466810158893843,0.04100891214571351,0.03428642480977094,0.04106953981482935,0.423340507944692,0.22630929121543703,1,0.0
acic,v2_sine,primary,2,joint,1.8030555182407968,0.8030555182407968,0.7688250066588207,0.04513333552223319,0.03794427675546795,0.038623803444239435,0.3831311283183124,0.17324733620946076,0,0.0033333333333334103
acic,v2_sine,primary,2,constrained,1.6176547208703693,0.6176547208703693,0.5499269970902381,0.03827817609102753,0.03417410077308388,0.03568171853538098,0.27496349854511903,0.16464973532779248,0,0.0
acic,v2_sine,primary,3,x_only,2.1458577900941935,1.1458577900941935,1.0883233993733534,0.04213178621341893,0.035660857733520596,0.048298207057946414,0.5441616996866767,0.536072602391824,1,0.0
acic,v2_sine,primary,3,joint,1.6992595643392454,0.6992595643392454,0.6922012125846537,0.04285938188868731,0.039566042302498564,0.03422282629218704,0.34610060629232686,0.14414158202927654,0,0.0
acic,v2_sine,primary,3,constrained,1.528297234339535,0.5282972343395349,0.5250405085276357,0.04193330373517332,0.0371068805009928,0.0337074460019693,0.262520254263818,0.10669415203643494,1,0.0
acic,v2_sine,primary,4,x_only,2.1773788135221452,1.1773788135221452,1.290594973412169,0.05179364318451736,0.03633683983830681,0.054525614385438945,0.6489921852926551,0.4596468629863501,0,0.00666666666666671
acic,v2_sine,primary,4,joint,1.7786211685103581,0.7786211685103581,0.8848637601528824,0.04856356940829894,0.036539685884769246,0.04858346569796877,0.43454673502261126,0.21622056364376452,1,0.0033333333333334103
acic,v2_sine,primary,4,constrained,1.5604823110576715,0.5604823110576715,0.6696708419614537,0.04130134662451187,0.03373743130785041,0.03533686120154386,0.33483542098072683,0.1761580296595451,1,0.0
acic,v2_sine,primary,5,x_only,2.5371024621677534,1.5371024621677534,1.532751397525641,0.050843557598998335,0.040144067889811653,0.06494473346117659,0.7663756987628202,0.6494427283632643,0,1.1102230246251565e-16
acic,v2_sine,primary,5,joint,2.271088731108047,1.2710887311080472,1.258979297015121,0.050518510531094206,0.041770546245533606,0.06094856186346001,0.6294896485075604,0.4571729817726041,0,1.1102230246251565e-16
acic,v2_sine,primary,5,constrained,2.3715475601651637,1.3715475601651637,1.3532863573826983,0.04351765840521006,0.031177680357680444,0.05622989577930782,0.6857301893780274,0.4901925368748491,0,0.011666666666666714
acic,v3_interact,primary,0,x_only,2.0601758313471668,1.0601758313471668,0.9049419824016793,0.041285824075058306,0.03186108795820682,0.04652546554210618,0.45171687288217155,0.23459495180566262,1,0.0016666666666667052
acic,v3_interact,primary,0,joint,2.1264108067655068,1.1264108067655068,0.9681972414806654,0.04330069801047442,0.0349727644155613,0.049540682694053914,0.4840986207403325,0.27692773354885203,1,0.0
acic,v3_interact,primary,0,constrained,1.830173321073353,0.8301733210733531,0.665357605363651,0.04459360962311829,0.03598415476800839,0.04711301690212584,0.3469152199565933,0.16057904311907067,1,0.015000000000000124
acic,v3_interact,primary,1,x_only,2.4481556663014477,1.4481556663014477,1.4020612034617077,0.05246337251159027,0.03867683067063682,0.06311494360570036,0.7010306017308539,0.5303518332949398,0,0.0
acic,v3_interact,primary,1,joint,2.191513610705226,1.191513610705226,1.1741916379404702,0.05517466526829151,0.0425470194179007,0.05943554280191653,0.5870958189702349,0.3891881419982909,0,0.0
acic,v3_interact,primary,1,constrained,2.1127432869361993,1.1127432869361993,1.0681416007184823,0.054000427014492286,0.041909401912815857,0.05941012931039302,0.5340708003592409,0.3165886016187638,0,1.1102230246251565e-16
acic,v3_interact,primary,2,x_only,1.9443809411150599,0.9443809411150599,1.012022148317604,0.04713818532446986,0.029325836241162362,0.05647104233351842,0.5051677223685371,0.29303327307845856,1,0.0016666666666667052
acic,v3_interact,primary,2,joint,1.7995552578734981,0.7995552578734981,0.8424530341866792,0.051269220670312046,0.033429149615273324,0.05938538930680961,0.42122651709333947,0.2434811104231945,1,0.0
acic,v3_interact,primary,2,constrained,1.6700878962722487,0.6700878962722487,0.7040825747822084,0.04760609892694776,0.03511861802377269,0.050073426141791035,0.35144751491130316,0.17419766847786772,1,0.004999999999999893
acic,v3_interact,primary,3,x_only,2.1507934177266215,1.1507934177266215,1.1339174286282847,0.05275463134904428,0.04026237536432558,0.05862652673539641,0.566958714314142,0.3226819093297896,0,0.0
acic,v3_interact,primary,3,joint,1.9405846281598673,0.9405846281598673,0.9191443471798304,0.0527403404786469,0.0361704837069393,0.05836731633137154,0.45957217358991526,0.27953825391103826,0,0.0
acic,v3_interact,primary,3,constrained,1.9520354811904566,0.9520354811904566,0.8793904524367346,0.05112488989372021,0.04170870135946188,0.054279043011220246,0.45566207734005765,0.2661457401617207,0,0.0050000000000000044
acic,v3_interact,primary,4,x_only,1.85137447403318,0.8513744740331799,0.8390634386883997,0.045191452937883,0.03734802540589362,0.04913017058585972,0.4181332802797193,0.2432391374364639,1,0.0033333333333332993
acic,v3_interact,primary,4,joint,1.692410359757287,0.692410359757287,0.6808299540621101,0.04160848744699663,0.034612810052665026,0.041277965925955035,0.33928026044095166,0.12393105457007883,0,0.0033333333333332993
acic,v3_interact,primary,4,constrained,1.7128206848101215,0.7128206848101215,0.7225842070973836,0.04302607615708485,0.033846643742878886,0.04704282723868596,0.379407556443775,0.17471892731354444,0,0.013333333333333308
acic,v3_interact,primary,5,x_only,1.7254113619823497,0.7254113619823497,0.7589452324796784,0.03845058331524977,0.031168488600231425,0.036568173825027264,0.37947261623983897,0.17456383943585901,0,0.0
acic,v3_interact,primary,5,joint,1.669887001732179,0.669887001732179,0.67764785876094,0.043506029285160674,0.038464036230036705,0.041256750867970614,0.3388239293804698,0.13035966848471534,1,0.0
acic,v3_interact,primary,5,constrained,1.639791906671573,0.6397919066715729,0.6691330907151603,0.041590613102177876,0.034637025970777134,0.04050021320406341,0.33456654535758024,0.11988293307714254,0,0.0
acic,v4_hetero,primary,0,x_only,1.985756860776596,0.9857568607765961,1.0898676094980466,0.04527626061784088,0.032228440661879645,0.05564920797956287,0.5449338047490232,0.29988472309380076,0,0.0
acic,v4_hetero,primary,0,joint,1.80016585694825,0.8001658569482499,0.8784503356030531,0.03630409782797469,0.025381886836304057,0.043896071744077274,0.4362970000161831,0.1956401129058133,0,0.006666666666666599
acic,v4_hetero,primary,0,constrained,1.8206704963456528,0.8206704963456528,0.9254653767747019,0.04142261025041936,0.030642033835283675,0.04743980936834952,0.4627326883873509,0.21981173041666935,0,0.0
acic,v4_hetero,primary,1,x_only,1.3669479168689649,0.3669479168689649,0.5837205102101477,0.043119497416547796,0.0372669659908378,0.041435790895338095,0.2914076487798312,0.09830695533742746,1,0.004999999999999893
acic,v4_hetero,primary,1,joint,1.1455565001206018,0.14555650012060184,0.31884725482994436,0.035857935818722285,0.030572764417012992,0.030823821606953808,0.15942362741497218,0.03684426306449269,1,0.0
acic,v4_hetero,primary,1,constrained,1.2582984353748516,0.25829843537485164,0.44515627364105836,0.04523928415812028,0.03939218907017692,0.043551038355441996,0.2225781368205291,0.07208739001222038,1,0.0
acic,v4_hetero,primary,2,x_only,1.8275691054793888,0.8275691054793888,0.8358132405811007,0.04804302697672846,0.040490287986298196,0.048720406078625315,0.4179066202905504,0.20784245784811411,1,0.0
acic,v4_hetero,primary,2,joint,1.6732048404799191,0.6732048404799191,0.6655783197038705,0.04325904220145669,0.037966151363015004,0.03798894700494247,0.33223451125218184,0.13040700974315078,0,0.0016666666666667052
acic,v4_hetero,primary,2,constrained,1.672224550091751,0.672224550091751,0.6763912867206572,0.04132892061279997,0.03293647252379582,0.04274824438101127,0.3359410057379264,0.17853249399114057,1,0.006666666666666599
acic,v4_hetero,primary,3,x_only,2.018482047671955,1.018482047671955,0.9067957618505884,0.040897807076946534,0.03402099541657261,0.051413112391963334,0.4518865546555432,0.3553247757116277,0,0.0033333333333332993
acic,v4_hetero,primary,3,joint,1.5659059346921866,0.5659059346921866,0.4488229535269812,0.047580086657485025,0.04013180169747402,0.046576477980712475,0.22441147676349069,0.06635208655941094,0,0.0
acic,v4_hetero,primary,3,constrained,1.5822206506698717,0.5822206506698717,0.4559237337368329,0.03714500352920877,0.03527995862219468,0.030135982537561164,0.22796186686841638,0.06066815171238674,0,0.0
acic,v4_hetero,primary,4,x_only,1.6469601227648802,0.6469601227648802,0.6449200770966077,0.03881113176679864,0.033836984879766996,0.0366442582809946,0.32246003854830396,0.13737714882924204,0,0.0
acic,v4_hetero,primary,4,joint,1.5087610208150546,0.5087610208150546,0.532826821944383,0.030210609550493733,0.027696443567770953,0.026395027028845608,0.2664134109721916,0.142370567535569,1,0.0
acic,v4_hetero,primary,4,constrained,1.5425335722064946,0.5425335722064946,0.5143994698825278,0.03248964458128279,0.028217815497788255,0.02728127281192215,0.2601703542772377,0.10200121137237214,1,0.00666666666666671
acic,v4_hetero,primary,5,x_only,1.7978070696196757,0.7978070696196757,0.8500264301153964,0.04377051469120058,0.03372500260242096,0.048470745986186586,0.42501321505769807,0.21614790461041442,0,0.0
acic,v4_hetero,primary,5,joint,1.632720837776164,0.632720837776164,0.7092665594967664,0.038566992111650066,0.02728234040420609,0.042226736145162515,0.3534511688158888,0.13000098960652404,0,0.0033333333333332993
acic,v4_hetero,primary,5,constrained,1.6505547418367204,0.6505547418367204,0.7529555148419125,0.046249838878876175,0.03435054095194175,0.05177423159315006,0.37647775742095607,0.15270855890175267,0,1.1102230246251565e-16
scm_dense,v1_linear,primary,0,x_only,1.5548215540482333,0.5548215540482333,0.5236534667498964,0.0353586110824772,0.03258271844488719,0.026609514920575617,0.2618267333749483,0.07416416228365187,0,0.0
scm_dense,v1_linear,primary,0,joint,1.3379051572624545,0.3379051572624545,0.268489254126699,0.032253685200542476,0.030195270653278324,0.025733032979475014,0.13424462706334955,0.036080961852342545,1,0.0
scm_dense,v1_linear,primary,0,constrained,1.3515123177286097,0.3515123177286097,0.2933711872749174,0.029834552044672683,0.029261377293386626,0.01846278222553577,0.14668559363745876,0.0251340712562647,0,0.0
scm_dense,v1_linear,primary,1,x_only,1.5121568426615126,0.5121568426615126,0.5535433520783632,0.03127116288450691,0.027958477223557057,0.02584411347532028,0.2763103899124496,0.08878914484477787,1,0.0016666666666667052
scm_dense,v1_linear,primary,1,joint,1.4320406600918658,0.4320406600918658,0.4472292038878318,0.03226996213236776,0.03260486736139666,0.024825074319588462,0.22324191094067597,0.05506824885937018,0,0.0016666666666667052
scm_dense,v1_linear,primary,1,constrained,1.1647296261345785,0.16472962613457853,0.21366433208821056,0.03712829352217378,0.03575742343337804,0.02396567554595157,0.10358164189128805,0.0401536313693711,3,0.0050000000000000044
scm_dense,v1_linear,primary,2,x_only,1.6522443937570277,0.6522443937570277,0.8146209305892254,0.046346121316804954,0.03437558114973201,0.052437487302488525,0.3950949436925264,0.18765369518108144,1,0.010000000000000009
scm_dense,v1_linear,primary,2,joint,1.6337318174447515,0.6337318174447515,0.7973994828590012,0.04673816741836839,0.03618482145642396,0.049660392298486164,0.39869974142950054,0.18470749685548354,2,1.1102230246251565e-16
scm_dense,v1_linear,primary,2,constrained,1.5423438084779166,0.5423438084779166,0.7118295843359654,0.04450068787627122,0.034130847471378185,0.04847030199168477,0.3571738469092239,0.14352536371949892,0,0.0050000000000000044
scm_dense,v1_linear,primary,3,x_only,2.0210478238061445,1.0210478238061445,0.8885820663471495,0.041165820447428864,0.031434845318123114,0.04479313599324135,0.45113372663942497,0.22186644888494556,0,0.010000000000000009
scm_dense,v1_linear,primary,3,joint,1.6580064238659522,0.6580064238659522,0.529789544896063,0.039864167359528926,0.03388765226186403,0.035937501554162754,0.2648947724480315,0.09147119235924626,1,0.0
scm_dense,v1_linear,primary,3,constrained,1.7349832256121926,0.7349832256121926,0.6020642380696992,0.04026744325356503,0.03248877772780178,0.03984045221666279,0.3010321190348496,0.11852797628477421,1,0.0
scm_dense,v1_linear,primary,4,x_only,1.9191806776251865,0.9191806776251865,0.8928134220006338,0.04199956719356253,0.03500609538505344,0.04287317767423724,0.4449186886303158,0.21779928067318505,0,0.0033333333333332993
scm_dense,v1_linear,primary,4,joint,1.2684753431983928,0.26847534319839284,0.22123526582789887,0.03448406735814651,0.03227130570156206,0.019571793984006734,0.11061763291394947,0.01472751074771127,0,0.0
scm_dense,v1_linear,primary,4,constrained,1.077200470416454,0.07720047041645395,0.05876859800082901,0.03662626843568801,0.033178582215422574,0.02651339921180168,0.029384299000414508,0.03272924589797874,2,0.0
scm_dense,v1_linear,primary,5,x_only,1.5973878339533083,0.5973878339533083,0.6237337863963384,0.039069457832499675,0.03330700400711918,0.039595068954235535,0.31279584220968043,0.11805693339981921,0,0.0050000000000001155
scm_dense,v1_linear,primary,5,joint,1.1143924316367664,0.11439243163676638,0.1481807990728643,0.04041628263043885,0.039291843800295594,0.028865272634549743,0.0740903995364323,0.04104920952613987,3,-2.220446049250313e-16
scm_dense,v1_linear,primary,5,constrained,1.2379118322621043,0.23791183226210433,0.2696585577824355,0.03971518992291023,0.037224981469061766,0.03145565508441188,0.13482927889121776,0.05449873314917093,1,0.0
scm_dense,v2_sine,primary,0,x_only,2.0786894065209682,1.0786894065209682,1.1002946891330598,0.040396930894774793,0.029710089044186032,0.04625002802716619,0.5492304323255857,0.3868658332009747,1,0.0016666666666665941
scm_dense,v2_sine,primary,0,joint,1.2226919196810153,0.22269191968101532,0.22183749734806257,0.03630437727977849,0.0334442020236963,0.02455224194082751,0.11091874867403136,0.050558108915910775,1,0.0
scm_dense,v2_sine,primary,0,constrained,1.4455628732285757,0.4455628732285757,0.3938568866968122,0.02806433032773902,0.02684253706379101,0.017552666162556484,0.19594380113166412,0.058138956674042584,0,0.0050000000000000044
scm_dense,v2_sine,primary,1,x_only,2.4585588704682797,1.4585588704682797,1.4053761242706937,0.041023400242163735,0.02859398584364498,0.0528424013063473,0.7026880621353468,0.5128587021898833,0,0.0
scm_dense,v2_sine,primary,1,joint,1.5811468298215259,0.5811468298215259,0.5668214952989012,0.03497946051892676,0.03011812387259563,0.031708893157571014,0.2829383964033682,0.11368579711801173,0,0.0016666666666667052
scm_dense,v2_sine,primary,1,constrained,1.9391814874147202,0.9391814874147202,0.8675964422370357,0.0364634941189474,0.02881935130723826,0.037200416106195476,0.43307522408332044,0.2030603631339952,0,0.0016666666666667052
scm_dense,v2_sine,primary,2,x_only,2.1455334298743676,1.1455334298743676,1.1955550764856233,0.042846444654892596,0.03059475386147382,0.05026495329779833,0.5977775382428118,0.4635329357540298,0,0.0
scm_dense,v2_sine,primary,2,joint,1.3600868046996477,0.3600868046996477,0.3907474850546313,0.03757753471631311,0.03242425258435435,0.03515501987684506,0.1953737425273158,0.08349027378986405,0,0.0
scm_dense,v2_sine,primary,2,constrained,1.2151805047998487,0.21518050479984874,0.22464706350614927,0.035469402852072465,0.03164208172832872,0.02947888882839379,0.11194911998056442,0.03685138499634786,1,0.0033333333333332993
scm_dense,v2_sine,primary,3,x_only,2.281071692404909,1.2810716924049088,1.1360075452163723,0.04031870987374662,0.03212302466773387,0.04296602122346014,0.5680037726081864,0.33179748966865263,0,0.0
scm_dense,v2_sine,primary,3,joint,1.548058320359216,0.548058320359216,0.43708491517090264,0.0376422151666342,0.034349817686325716,0.030712272313422828,0.21854245758545124,0.1698580780387608,1,0.0
scm_dense,v2_sine,primary,3,constrained,2.076633647270183,1.076633647270183,0.9344993966094874,0.04019204272029439,0.033371962387533864,0.03972563453858136,0.46724969830474383,0.33515200598905465,1,0.0
scm_dense,v2_sine,primary,4,x_only,2.530013665839973,1.5300136658399728,1.4637232365982276,0.04182577169470306,0.03149262172948059,0.051283298719605894,0.731861618299114,0.5457652766073475,0,0.0
scm_dense,v2_sine,primary,4,joint,2.09416463305901,1.0941646330590098,1.024966242329326,0.03625118774029859,0.031122490889328246,0.03604238415300542,0.5107748440941147,0.3012470787786579,1,0.0033333333333332993
scm_dense,v2_sine,primary,4,constrained,2.0831584947259625,1.0831584947259625,1.000050945042473,0.03692475477518292,0.03027512748643868,0.03602210368888312,0.5000254725212365,0.29918107875326616,1,0.0
scm_dense,v2_sine,primary,5,x_only,1.1705393612770973,0.17053936127709735,0.33708257152723475,0.037548760394948234,0.034354700191043044,0.028395973236569685,0.1693054107263949,0.050069619185318624,1,0.0033333333333334103
scm_dense,v2_sine,primary,5,joint,0.8735512698389332,-0.12644873016106684,0.07804456599209009,0.037792185185296506,0.036736862654320177,0.022351167381608462,0.03902228299604504,0.014265013481603592,1,0.0
scm_dense,v2_sine,primary,5,constrained,0.9798789761011389,-0.020121023898861057,0.14188380078927598,0.03742082601774669,0.03566755832175343,0.02228539473818295,0.07094190039463802,0.023787693142155147,1,0.0
scm_dense,v3_interact,primary,0,x_only,2.0532064670398276,1.0532064670398276,0.9921359012516484,0.03908595848694607,0.031242617190746322,0.041841779951950646,0.4960679506258242,0.2516887546020724,0,0.0
scm_dense,v3_interact,primary,0,joint,1.835055273013206,0.8350552730132059,0.7636274281641986,0.04766339639650247,0.03893662451744814,0.04630893089004068,0.3818137140820991,0.17604187510280775,0,0.0
scm_dense,v3_interact,primary,0,constrained,1.580073601297084,0.580073601297084,0.5123427765675936,0.03641970268116428,0.03344542922288994,0.026171750573818663,0.255317483656184,0.06906318845167515,0,0.0033333333333332993
scm_dense,v3_interact,primary,1,x_only,1.6981101851331621,0.6981101851331621,0.8567342624692076,0.03718205290176883,0.030236295677687815,0.03818737590648748,0.4262252955784306,0.20696211324091374,0,0.0050000000000001155
scm_dense,v3_interact,primary,1,joint,1.7259581590586082,0.7259581590586082,0.9108039380304882,0.041032202255600406,0.031082239233229395,0.046617093663060986,0.455401969015244,0.22520870083986572,0,0.0
scm_dense,v3_interact,primary,1,constrained,1.4401144575206073,0.4401144575206073,0.6756611759187909,0.03563417986243931,0.03017549344854299,0.031616098010596304,0.3378305879593956,0.14188023699487468,0,0.0
scm_dense,v3_interact,primary,2,x_only,1.6306742543604886,0.6306742543604886,0.5972966237408124,0.04100621620690789,0.03274684593217918,0.03859071505874212,0.2986483118704062,0.12458046227835995,0,0.0
scm_dense,v3_interact,primary,2,joint,1.578400536465918,0.5784005364659179,0.5061562015997207,0.03858032473823711,0.02911690902942781,0.04093585824287397,0.2530781007998604,0.09965899134447326,1,0.0
scm_dense,v3_interact,primary,2,constrained,1.369570815058735,0.3695708150587349,0.3415974546154965,0.04050985552195376,0.03585368485276474,0.031892668783264695,0.17079872730774823,0.04513368142357289,1,0.0
scm_dense,v3_interact,primary,3,x_only,1.6014474038233846,0.6014474038233846,0.6440353414786395,0.0327872044020705,0.02738050427212771,0.027888532925983082,0.32201767073931975,0.10895231803486871,0,0.0
scm_dense,v3_interact,primary,3,joint,1.579508875274678,0.579508875274678,0.6254421759897699,0.04222877606874654,0.03275499458606131,0.04133282999450775,0.31219988618156025,0.103988948939663,0,0.0016666666666667052
scm_dense,v3_interact,primary,3,constrained,1.5895508901610453,0.5895508901610453,0.6416730267757487,0.03706347160052752,0.03048181275199014,0.03176677462873549,0.32083651338787444,0.12089490945796844,1,0.0
scm_dense,v3_interact,primary,4,x_only,2.3967774076379373,1.3967774076379373,1.3856785503012845,0.049102931650062666,0.03782286779440324,0.05539861669566538,0.6928392751506423,0.4883167753956734,0,0.0
scm_dense,v3_interact,primary,4,joint,2.1610412496488487,1.1610412496488487,1.137676271333247,0.049125962804893626,0.03429679476191625,0.06065293242613928,0.563224522254402,0.3709922176301724,2,0.023333333333333206
scm_dense,v3_interact,primary,4,constrained,2.126511044175941,1.126511044175941,1.096180286119826,0.046844070729029665,0.03466756395210807,0.05396785403811264,0.5480901430599129,0.32705286960174645,0,0.0
scm_dense,v3_interact,primary,5,x_only,1.7575422432896746,0.7575422432896746,0.7936164805780821,0.04377038705753124,0.03522767245814762,0.04727239003057341,0.396808240289041,0.2075886402296034,0,0.0
scm_dense,v3_interact,primary,5,joint,1.569480855039907,0.5694808550399071,0.6092193372603798,0.044492120391387426,0.03767476405640042,0.0408007892825092,0.3046096686301898,0.13198706329330012,2,1.1102230246251565e-16
scm_dense,v3_interact,primary,5,constrained,1.255714468438601,0.255714468438601,0.2919797733845364,0.044384690136143795,0.03702573794738352,0.044388641280387914,0.1459898866922683,0.04648848730122703,1,0.0
scm_dense,v4_hetero,primary,0,x_only,1.9593187963492342,0.9593187963492342,0.8954861210529781,0.034857334200919375,0.030014347281367135,0.03484943128479849,0.43852188835788375,0.1987566680525027,1,0.014999999999999902
scm_dense,v4_hetero,primary,0,joint,1.645325182802002,0.6453251828020019,0.5812610838652004,0.02722845643496303,0.026534202612663843,0.022054054728736824,0.2896617734594915,0.09154383194010439,0,0.0033333333333334103
scm_dense,v4_hetero,primary,0,constrained,1.7277807068430762,0.7277807068430762,0.6950759463532166,0.03670554490648968,0.03285381345855885,0.03365322077926359,0.34753797317660823,0.13823995018199287,1,0.0
scm_dense,v4_hetero,primary,1,x_only,1.8473714644089763,0.8473714644089763,0.8971254835688667,0.04134479802613192,0.034072564038304165,0.04498679327525325,0.4485627417844332,0.21209918417104195,0,0.0
scm_dense,v4_hetero,primary,1,joint,1.2394678743321799,0.23946787433217986,0.3044035810648773,0.03612944649302892,0.03344436453372871,0.02681973421952669,0.1516944512306639,0.03363470837681287,0,0.0033333333333332993
scm_dense,v4_hetero,primary,1,constrained,1.7331778419022053,0.7331778419022053,0.7851784016280825,0.03285596504306317,0.029229958174385562,0.030560075270524775,0.3847374167977605,0.17060383190489975,1,0.020000000000000018
scm_dense,v4_hetero,primary,2,x_only,1.600242443720521,0.6002424437205209,0.6345232279108457,0.036458625233660204,0.03339182002728121,0.030408390608955917,0.31726161395542307,0.1139933839407575,0,-2.220446049250313e-16
scm_dense,v4_hetero,primary,2,joint,1.078597819603146,0.07859781960314605,0.12157238594916309,0.029523291628415854,0.03065837281586816,0.017225340384373403,0.060786192974581675,0.009733009513334792,0,0.0
scm_dense,v4_hetero,primary,2,constrained,0.9739663679124277,-0.026033632087572256,0.006488041660943411,0.036874913916439093,0.03176686050876984,0.03298207964796365,0.0032440208304718166,0.03878495718242879,3,0.0
scm_dense,v4_hetero,primary,3,x_only,1.6211820992737591,0.6211820992737591,0.7714522045988288,0.040408287201761324,0.03341417071717279,0.037992087452126046,0.3857261022994143,0.16513440752756883,0,1.1102230246251565e-16
scm_dense,v4_hetero,primary,3,joint,1.0173170624819314,0.017317062481931433,0.195476882023905,0.039673206580775125,0.036069556794883904,0.0295665938864757,0.10542676526475553,0.03306001923760081,1,0.008333333333333415
scm_dense,v4_hetero,primary,3,constrained,1.5664761141159658,0.5664761141159658,0.7114226751662354,0.04041776195332161,0.03327197717731594,0.0411631002182096,0.3557113375831176,0.149657159982662,0,0.0
scm_dense,v4_hetero,primary,4,x_only,1.1774344148884646,0.17743441488846456,0.34662905002271005,0.03955461295683937,0.03784289460231985,0.02795058170914638,0.1706153353533787,0.036923643041224884,1,0.008333333333333304
scm_dense,v4_hetero,primary,4,joint,0.9282433428097128,-0.07175665719028723,0.06911622498507763,0.04067546270065721,0.03933462736533485,0.0276712625185117,0.03455811249253886,0.028366206569113733,2,0.0
scm_dense,v4_hetero,primary,4,constrained,1.1068495471818944,0.10684954718189443,0.2570165956450341,0.038705084976491444,0.03501912675908616,0.03450348713327669,0.12850829782251708,0.0564050370409203,0,0.0
scm_dense,v4_hetero,primary,5,x_only,1.5137614130309214,0.5137614130309214,0.6446008552875198,0.03995153855073883,0.03349803362666858,0.03538384527612363,0.32230042764375966,0.22254326157509194,1,1.1102230246251565e-16
scm_dense,v4_hetero,primary,5,joint,1.2928909136958884,0.2928909136958884,0.31419057972940134,0.03481757038863731,0.03244506231041885,0.024713592880265773,0.16026392781228957,0.029743419155575157,0,0.011666666666666714
scm_dense,v4_hetero,primary,5,constrained,1.090749727943626,0.09074972794362601,0.152801864091763,0.04116369223326702,0.037724360627474,0.03182651561931607,0.07640093204588141,0.016142623659387803,3,0.0
scm_mixed,v1_linear,primary,0,x_only,2.1293951763394543,1.1293951763394543,1.0845984728446694,0.040946758580821294,0.03442979488492592,0.043290503502606076,0.5413954043616309,0.30867405365847356,0,0.0016666666666665941
scm_mixed,v1_linear,primary,0,joint,1.740994257733949,0.740994257733949,0.7141927431144517,0.033250563168914,0.029921296536644087,0.032107312068573736,0.357096371557226,0.13704432030421493,0,0.0
scm_mixed,v1_linear,primary,0,constrained,1.445853696484361,0.4458536964843609,0.42434661390717965,0.03644081697852774,0.03498803278402318,0.024850081573415072,0.2121733069535899,0.07302232173841604,0,0.0
scm_mixed,v1_linear,primary,1,x_only,1.8499073798875423,0.8499073798875423,0.7637310037136835,0.04322640068891778,0.03675399813884776,0.04484002869575799,0.381865501856842,0.14932422469347284,0,0.0
scm_mixed,v1_linear,primary,1,joint,1.3692600232645897,0.36926002326458973,0.2802263163394014,0.03864200167666504,0.03710947784559038,0.025307202159456692,0.14439928377235825,0.028709449154093444,1,0.0033333333333334103
scm_mixed,v1_linear,primary,1,constrained,1.3501980863644167,0.35019808636441674,0.23397662609723402,0.036426134652125804,0.03435731107602497,0.028185847776947687,0.11698831304861716,0.03403013920672906,1,0.0
scm_mixed,v1_linear,primary,2,x_only,1.6255106074328909,0.6255106074328909,0.5559413833195186,0.03560201546807082,0.029530501242556843,0.03125598493705829,0.27797069165975924,0.10844031061325014,1,0.0
scm_mixed,v1_linear,primary,2,joint,1.578688459318145,0.5786884593181449,0.4822100707210186,0.0404924990773333,0.033160397373354945,0.036278335838252504,0.2411050353605094,0.10914368499013719,2,0.0
scm_mixed,v1_linear,primary,2,constrained,1.6318543108334318,0.6318543108334318,0.5532138466328038,0.04148614086746586,0.03429830283726832,0.03749087792789406,0.27394404612299555,0.08946409944652887,1,0.006666666666666599
scm_mixed,v1_linear,primary,3,x_only,1.7986284978347926,0.7986284978347926,0.6976876907069136,0.041091100967510306,0.03245257924125772,0.04168008419165711,0.3488438453534568,0.17606676639428323,0,0.0
scm_mixed,v1_linear,primary,3,joint,1.489413811099277,0.48941381109927695,0.4133661249417009,0.0365701804462547,0.028973531976875168,0.03749453567867602,0.20633859070006572,0.06800612150052135,0,0.0016666666666667052
scm_mixed,v1_linear,primary,3,constrained,1.4581029360715474,0.4581029360715474,0.39121841210634156,0.0377057988764771,0.03275452256684744,0.03361560834942444,0.19560920605317073,0.08776830416749545,1,1.1102230246251565e-16
scm_mixed,v1_linear,primary,4,x_only,1.879935575193059,0.8799355751930591,0.8081934063966782,0.044905846248712494,0.036714762626924816,0.047576403587087146,0.4040967031983392,0.22700911135144453,2,0.0
scm_mixed,v1_linear,primary,4,joint,1.433426529767653,0.43342652976765295,0.393733672882304,0.03945291822459243,0.03506587813945093,0.03339920785765366,0.19621061365301473,0.05857677614871087,0,0.0033333333333332993
scm_mixed,v1_linear,primary,4,constrained,1.388438370961593,0.38843837096159306,0.3241315286659383,0.041985175341737645,0.03549300466996392,0.03799646869818382,0.1620657643329692,0.050226683928429994,2,0.0
scm_mixed,v1_linear,primary,5,x_only,1.8850958902749027,0.8850958902749027,0.9443924531476402,0.04603909325321113,0.036839883904494254,0.04804739089223193,0.47219622657382,0.30359665960154975,2,0.0
scm_mixed,v1_linear,primary,5,joint,1.7172558664852873,0.7172558664852873,0.7437288305209762,0.046636671858812255,0.04019619885664393,0.04632599517420949,0.37186441526048813,0.2128224698528295,1,-2.220446049250313e-16
scm_mixed,v1_linear,primary,5,constrained,1.553211955937259,0.553211955937259,0.5946187961076792,0.03970015164913486,0.03577948706266983,0.03185463576614272,0.2973093980538395,0.11663779025690894,0,0.0
scm_mixed,v2_sine,primary,0,x_only,1.966435491964385,0.9664354919643849,1.137337223409419,0.03645490582305798,0.027215337156900887,0.04325205421814434,0.5667730496656939,0.37129687608628326,0,0.0033333333333331883
scm_mixed,v2_sine,primary,0,joint,1.4925991014401085,0.49259910144010854,0.6057818247570346,0.034802107382308795,0.03279898974113164,0.030810503137786566,0.30289091237851745,0.11970534423767148,1,0.0
scm_mixed,v2_sine,primary,0,constrained,0.8807765437319319,-0.11922345626806807,0.03541858309799073,0.03226798343220508,0.031011807610192208,0.02396993988788851,0.017709291548995285,0.033577973251334596,2,0.0
scm_mixed,v2_sine,primary,1,x_only,2.250285493754078,1.250285493754078,1.1663585091527597,0.04285250680348274,0.031637134265418206,0.047806128174648285,0.582207289152086,0.3904207562841699,0,0.0016666666666665941
scm_mixed,v2_sine,primary,1,joint,1.910433194715069,0.910433194715069,0.8070396232676469,0.03987840400103743,0.032405376704607504,0.040082794572935225,0.4035198116338234,0.1830037963220088,0,0.0
scm_mixed,v2_sine,primary,1,constrained,2.0814392747234756,1.0814392747234756,1.0474488118515732,0.041888971067423404,0.0313820746044869,0.04679010454622957,0.5237244059257865,0.3370474640899966,1,0.0
scm_mixed,v2_sine,primary,2,x_only,1.580954057366698,0.580954057366698,0.7351310899221439,0.039166883165100905,0.02980679041539124,0.04050756641732918,0.3599470976659076,0.2031821646445156,2,0.0050000000000000044
scm_mixed,v2_sine,primary,2,joint,1.0564467175871712,0.056446717587171236,0.20917999765918305,0.03953553761117151,0.03645480110598328,0.029931843009293854,0.10458999882959155,0.03735410144069849,2,0.0
scm_mixed,v2_sine,primary,2,constrained,0.9770852267635051,-0.022914773236494934,0.11642766958505657,0.03664474166843615,0.0333754550043733,0.024314206597485885,0.058213834792528285,0.03868025252873588,2,0.0
scm_mixed,v2_sine,primary,3,x_only,1.826603665994259,0.826603665994259,0.5719398586033255,0.03974985561020707,0.03519406072049211,0.03061956361365918,0.2859699293016631,0.14945384351723653,1,0.0
scm_mixed,v2_sine,primary,3,joint,1.5851306799462976,0.5851306799462976,0.4091133865430112,0.04076314733391685,0.03940821487101798,0.026287830864300123,0.20455669327150547,0.0811079336556011,2,0.0
scm_mixed,v2_sine,primary,3,constrained,1.4172518812282275,0.41725188122822754,0.19863544439497427,0.03940470509562862,0.03698878345470509,0.027628790484317236,0.09931772219748718,0.05227702037339122,2,0.0
scm_mixed,v2_sine,primary,4,x_only,2.637932722969464,1.637932722969464,1.413802867121018,0.04923883362538984,0.031141812134267643,0.06519129498070064,0.706901433560509,0.5089353742410451,0,0.0
scm_mixed,v2_sine,primary,4,joint,2.3606965126573725,1.3606965126573725,1.174540745261948,0.050794421128937374,0.03254164669464826,0.0672747287526058,0.5872703726309741,0.3821044209301931,1,0.0
scm_mixed,v2_sine,primary,4,constrained,1.8026534115775983,0.8026534115775983,0.6796960581743563,0.03612318116301676,0.02947838828905651,0.03763802928714412,0.33984802908717804,0.14103408463324016,0,0.0
scm_mixed,v2_sine,primary,5,x_only,2.1887185471318538,1.1887185471318538,1.2831306294997562,0.049718496106277696,0.03317641326505529,0.0601031778535321,0.6415653147498781,0.5317568529138917,1,0.0
scm_mixed,v2_sine,primary,5,joint,1.7680185017777745,0.7680185017777745,0.8657142894675758,0.0445296196783494,0.03642548249136036,0.04541039814553325,0.43285714473378795,0.20904195810407022,0,0.0
scm_mixed,v2_sine,primary,5,constrained,1.823726222087454,0.8237262220874539,0.8821023186485129,0.04520079925779224,0.03424268933427877,0.04699585193936612,0.4410511593242563,0.22130006846380668,0,0.0
scm_mixed,v3_interact,primary,0,x_only,1.8281201880621245,0.8281201880621245,0.9276590237199909,0.040180588561754584,0.028475679854051517,0.050607820566501004,0.4638295118599952,0.22614454731095868,0,0.0
scm_mixed,v3_interact,primary,0,joint,1.549095935224532,0.5490959352245319,0.624452178805897,0.03814377571955076,0.03190252675456365,0.03896348837165908,0.31483397942168984,0.10130821645406013,0,0.013333333333333197
scm_mixed,v3_interact,primary,0,constrained,1.5293581557705027,0.5293581557705027,0.6230298962671419,0.04260229256881139,0.032791506914018526,0.04832107123035445,0.311514948133571,0.1138940715167552,1,0.0
scm_mixed,v3_interact,primary,1,x_only,2.055716636834885,1.0557166368348851,0.9623517994061699,0.03936040144210527,0.03292475147123058,0.04187489162979556,0.4811758997030848,0.2711548804441774,0,0.0
scm_mixed,v3_interact,primary,1,joint,1.983956464007053,0.983956464007053,0.8659203417629604,0.041081208434481487,0.03617093864596907,0.037462307807463,0.4329601708814802,0.22734326582570533,0,0.0
scm_mixed,v3_interact,primary,1,constrained,1.9189471883437115,0.9189471883437115,0.8226424304269255,0.04222210376789969,0.03622148536257036,0.04016675979592958,0.41132121521346265,0.18195372918017827,0,0.0
scm_mixed,v3_interact,primary,2,x_only,2.2013364494990695,1.2013364494990695,1.1253978069482882,0.04786226548764378,0.033068290467615696,0.0566020679090643,0.5626989034741441,0.36781572361915266,1,0.0
scm_mixed,v3_interact,primary,2,joint,1.8924351357696905,0.8924351357696905,0.7996205359517308,0.04083756725919323,0.029733137102233884,0.04383584872254749,0.40337685708969107,0.20232920396164514,0,0.010000000000000009
scm_mixed,v3_interact,primary,2,constrained,1.7745310791066695,0.7745310791066695,0.6881193729606874,0.04191283433581047,0.03327220873865398,0.04215723071418695,0.3434862536695433,0.15046203173154293,0,0.0016666666666665941
scm_mixed,v3_interact,primary,3,x_only,2.242005301659337,1.2420053016593369,1.1475024063339103,0.047610838667149775,0.037527213316854754,0.05070994038843625,0.5737512031669552,0.39792961205190364,0,0.0
scm_mixed,v3_interact,primary,3,joint,1.8972395977809329,0.8972395977809329,0.8091470894042094,0.04220827101995924,0.035809519122166095,0.03748603690438962,0.4045735447021046,0.20164328584994964,0,1.1102230246251565e-16
scm_mixed,v3_interact,primary,3,constrained,2.1843832248241837,1.1843832248241837,1.1060003429218725,0.044717982034008244,0.03535239063841112,0.04747982878321526,0.553000171460936,0.37448440774776137,0,0.0
scm_mixed,v3_interact,primary,4,x_only,2.062368412009315,1.0623684120093149,0.9186081730516362,0.04434543667307417,0.03607440324262876,0.04549238048669054,0.46775854954743973,0.332489010349515,0,0.0050000000000000044
scm_mixed,v3_interact,primary,4,joint,1.996498513188727,0.996498513188727,0.8415411734487916,0.040252747910851774,0.03167602446339284,0.04015535690808817,0.4207705867243961,0.18324237370154883,0,0.0
scm_mixed,v3_interact,primary,4,constrained,1.8066652413343396,0.8066652413343396,0.6587127936313557,0.0412063707985717,0.03365736600821729,0.04118102248477249,0.32935639681567785,0.22419940386094803,1,1.1102230246251565e-16
scm_mixed,v3_interact,primary,5,x_only,2.013670807497958,1.0136708074979581,1.0079137954281006,0.0494162503903967,0.03673840840805309,0.05351182438933669,0.5039568977140503,0.27706622585790364,1,0.0
scm_mixed,v3_interact,primary,5,joint,1.7538355430567323,0.7538355430567323,0.7947135583029534,0.047234390152459525,0.03520880504876458,0.05063959587375097,0.4121582285654146,0.21635953113622014,0,0.008333333333333304
scm_mixed,v3_interact,primary,5,constrained,1.7610492278352452,0.7610492278352452,0.7608542294823728,0.045980222034487886,0.03450108066710915,0.04691212679416187,0.3804271147411864,0.17059672005609205,1,0.0
scm_mixed,v4_hetero,primary,0,x_only,1.3026737698298536,0.3026737698298536,0.43702530471428935,0.04069926411919319,0.03407788570943485,0.040606154529693746,0.21851265235714462,0.07526930043626825,0,1.1102230246251565e-16
scm_mixed,v4_hetero,primary,0,joint,1.262133338606467,0.26213333860646704,0.3904003710074482,0.03149058616484669,0.028167025718539244,0.028782644327087832,0.21754453620521602,0.11281617281899559,0,0.021666666666666723
scm_mixed,v4_hetero,primary,0,constrained,1.1694111817929618,0.16941118179296177,0.2751287869104684,0.033454328593824655,0.03076769759757346,0.02635763111431441,0.13756439345523408,0.03486607650492292,0,0.0
scm_mixed,v4_hetero,primary,1,x_only,1.5891665953096974,0.5891665953096974,0.7349229196675138,0.03551242176429007,0.028654717769940836,0.03591303194283067,0.36746145983375683,0.2029201358848419,1,0.0
scm_mixed,v4_hetero,primary,1,joint,1.5028136028950791,0.5028136028950791,0.6658545584534161,0.03929802370994656,0.03372085297707177,0.0394502959671276,0.33126264283057466,0.1460605510890548,0,0.0050000000000000044
scm_mixed,v4_hetero,primary,1,constrained,1.3343862487884868,0.3343862487884868,0.5144047562010992,0.03723911167414216,0.03424288996618669,0.028361971181415577,0.2530359714618554,0.09224250648486541,2,0.004999999999999893
scm_mixed,v4_hetero,primary,2,x_only,1.7348569329981658,0.7348569329981658,0.7481296704162628,0.042537435782094096,0.031925395919101505,0.04770922647534171,0.3740648352081314,0.16219044592088172,1,0.0
scm_mixed,v4_hetero,primary,2,joint,1.3673838559815432,0.3673838559815432,0.4406729922420298,0.03552315991575567,0.03493027849983873,0.027777626200268822,0.22033649612101489,0.060766205067941864,1,0.0
scm_mixed,v4_hetero,primary,2,constrained,1.2306036872491788,0.2306036872491788,0.283448774720662,0.0365446625071972,0.037823082124033465,0.02048217564534604,0.14172438736033083,0.0683251125867499,3,1.1102230246251565e-16
scm_mixed,v4_hetero,primary,3,x_only,2.0086178170827305,1.0086178170827305,1.1653369792267583,0.041290944772502114,0.03384562969709988,0.04399340716590966,0.5826684896133791,0.3463264540641172,0,0.0
scm_mixed,v4_hetero,primary,3,joint,1.4900236746832722,0.49002367468327224,0.6306040197490583,0.039596275852667895,0.03716227089400986,0.033448452289029686,0.3153020098745292,0.13347883193713933,0,0.0
scm_mixed,v4_hetero,primary,3,constrained,1.7862774408505453,0.7862774408505453,0.9078949983845863,0.0385079423916546,0.03277370601998835,0.03843965371822048,0.4539474991922932,0.212762753270246,0,0.0
scm_mixed,v4_hetero,primary,4,x_only,1.3320266947417347,0.33202669474173474,0.5027741483216184,0.041343734643146335,0.03350628617367107,0.04012904985549452,0.25138707416080924,0.08961543876696744,0,0.0
scm_mixed,v4_hetero,primary,4,joint,1.0335985590509473,0.03359855905094733,0.19483359430188996,0.03358957421663979,0.034267614076245796,0.019163568695194304,0.09725443582236011,0.018285039216831857,1,0.0016666666666667052
scm_mixed,v4_hetero,primary,4,constrained,1.187270096437073,0.18727009643707304,0.34841696071958306,0.04144386043794778,0.036962599958934604,0.03544065070646282,0.17420848035979158,0.08360797279434931,2,0.0
scm_mixed,v4_hetero,primary,5,x_only,1.469972713575343,0.4699727135753431,0.44522946152067844,0.031219739942833627,0.0289322394369369,0.026562755400173495,0.222243706209072,0.06735016691185942,0,0.0016666666666667052
scm_mixed,v4_hetero,primary,5,joint,1.1378991237732066,0.13789912377320657,0.07957773885226138,0.03616849064711223,0.03469963777306295,0.02098943243741656,0.03978886942613053,0.02148098415662177,1,0.0
scm_mixed,v4_hetero,primary,5,constrained,1.180729259156499,0.18072925915649907,0.14603720732967318,0.036060175404603045,0.03607049038525937,0.018511841275732525,0.07049655898409873,0.022232890193357724,3,0.006666666666666599
acic,v2_sine,proxy_null,0,x_only,2.015304891981796,1.015304891981796,0.9927928510962867,0.04064976351300982,0.03938759208018816,0.0343608950355718,0.49556909817222977,0.27493018764747673,0,0.0016666666666665941
acic,v2_sine,proxy_null,0,joint,2.1848436695176603,1.1848436695176603,1.1370493079004338,0.04504585547976362,0.041275697503605456,0.03953057347882703,0.5685246539502169,0.34583092446077957,0,0.0
acic,v2_sine,proxy_null,0,constrained,2.236789787244441,1.236789787244441,1.1984163022836607,0.036698797565566314,0.036752844110397594,0.030615162136117785,0.6356360814834164,0.5260818131918374,1,0.023333333333333317
acic,v2_sine,proxy_null,1,x_only,2.249193313563239,1.249193313563239,1.1890612012912136,0.044275159343153694,0.044533016962918226,0.03280718228620092,0.5945306006456068,0.37551152545721495,0,1.1102230246251565e-16
acic,v2_sine,proxy_null,1,joint,2.460127275466256,1.460127275466256,1.405108398155059,0.03779589364280272,0.038582625517174,0.025040544052469946,0.7025541990775294,0.5479074365101461,0,0.0
acic,v2_sine,proxy_null,1,constrained,2.117748028327018,1.1177480283270178,1.1089591590298449,0.037118261139871864,0.03599141770777964,0.02201203522908436,0.5544795795149224,0.34861837410208646,0,0.0
acic,v2_sine,proxy_null,2,x_only,1.7879788407740431,0.7879788407740431,0.9109049572470282,0.03931768115547184,0.03846027049451204,0.025348689246070352,0.455452478623514,0.22824281530138676,0,0.0
acic,v2_sine,proxy_null,2,joint,1.782463474696211,0.7824634746962109,0.9011843253809209,0.0383876067395675,0.03682078909809263,0.03694767254668096,0.45855167011338005,0.22995365185788683,0,0.0033333333333332993
acic,v2_sine,proxy_null,2,constrained,1.6972777501215504,0.6972777501215504,0.8109943713589056,0.042968405557848185,0.037434914202883036,0.03353023292948179,0.4054971856794527,0.21376678027035584,0,1.1102230246251565e-16
acic,v2_sine,x_signal_null,0,x_only,2.232902159101489,1.232902159101489,1.344651083077749,0.042643969719290464,0.029221825995301966,0.05420578466879911,0.6667228286927172,0.4700058227800402,0,0.008333333333333304
acic,v2_sine,x_signal_null,0,joint,2.1916871443304364,1.1916871443304364,1.2874352879573934,0.04426334848119348,0.03143545687899574,0.05473211736794344,0.6437176439786967,0.4176040662524369,0,0.0
acic,v2_sine,x_signal_null,0,constrained,2.222300453984218,1.222300453984218,1.3292449366403605,0.05099569347968093,0.036931819816668925,0.05841613274151598,0.6646224683201801,0.4970450570606948,0,1.1102230246251565e-16
acic,v2_sine,x_signal_null,1,x_only,2.295628939424862,1.2956289394248621,1.2028191323437443,0.04641887245362788,0.038950019856942956,0.05330288654700692,0.6004072168949188,0.36573223736033056,0,0.0016666666666667052
acic,v2_sine,x_signal_null,1,joint,2.2737736023410795,1.2737736023410795,1.160223214557477,0.04382912422757934,0.033803071221085786,0.05007142437498042,0.5801116072787383,0.3510985448101722,0,0.0
acic,v2_sine,x_signal_null,1,constrained,2.2841886256767494,1.2841886256767494,1.1595994853635565,0.046498158464513016,0.042648679339849054,0.04889237068489678,0.5797997426817783,0.34443911653706877,0,0.0
acic,v2_sine,x_signal_null,2,x_only,2.1981732840387003,1.1981732840387003,1.1214017257540285,0.04023947854100422,0.02665981765047524,0.04965375051826799,0.5569628571245007,0.31558795972530174,0,0.006666666666666599
acic,v2_sine,x_signal_null,2,joint,2.1758443898446647,1.1758443898446647,1.1478084679949014,0.0492194975111536,0.03484442965412537,0.057181802586940354,0.5739229320832102,0.3334699878489339,0,0.0050000000000000044
acic,v2_sine,x_signal_null,2,constrained,2.236654727600787,1.2366547276007869,1.181192798665477,0.051509375821888484,0.041573091477812685,0.06047202270295779,0.6275402041639888,0.4584361976460963,0,0.03500000000000003
scm_dense,v2_sine,proxy_null,0,x_only,2.087451686344852,1.0874516863448518,1.0624347120149786,0.030837219185757495,0.0263556458012128,0.024877352813027293,0.5294466314874646,0.2838460380568448,0,0.0033333333333331883
scm_dense,v2_sine,proxy_null,0,joint,2.7246430085537434,1.7246430085537434,1.7198479025176416,0.031067148413066382,0.030355068750449833,0.02218656764907409,0.8648543020028587,0.7682515680348243,0,0.0033333333333332993
scm_dense,v2_sine,proxy_null,0,constrained,2.112951072529173,1.1129510725291731,1.0614102539831087,0.03508911916404681,0.03220037554532546,0.023406873169882263,0.5307051269915543,0.33213462925377546,0,0.0
scm_dense,v2_sine,proxy_null,1,x_only,1.1590520860898426,0.15905208608984256,0.27844389771811384,0.040540800037275275,0.03374454084138144,0.040220806776675395,0.13075256252267822,0.049200152827339104,2,0.011666666666666603
scm_dense,v2_sine,proxy_null,1,joint,1.2254159876182857,0.22541598761828574,0.33955841227071204,0.03678310563617462,0.03134477931222483,0.03455513899193285,0.06023057927959782,0.41114371491739177,3,0.03166666666666673
scm_dense,v2_sine,proxy_null,1,constrained,1.1299550652881984,0.12995506528819845,0.21304007102631606,0.037964348830445305,0.03353167899168885,0.0336909758703776,0.09339088014465158,0.08622132164574191,2,0.0050000000000000044
scm_dense,v2_sine,proxy_null,2,x_only,1.7198080191786567,0.7198080191786567,0.827796553815092,0.03504102773750309,0.03266726078494217,0.02804363895716796,0.4291358556140738,0.30055336207724925,0,0.0050000000000001155
scm_dense,v2_sine,proxy_null,2,joint,1.6805675862637146,0.6805675862637146,0.7634176081670818,0.03292834748640789,0.02948166624512516,0.029437406419114503,0.37572413205451843,0.1967751538766967,1,0.006666666666666599
scm_dense,v2_sine,proxy_null,2,constrained,1.964400787253289,0.9644007872532889,0.9979870366842707,0.038054779069991725,0.03611287329634705,0.027774800916242504,0.4989935183421353,0.2989838937250635,0,1.1102230246251565e-16
scm_dense,v2_sine,x_signal_null,0,x_only,2.055570577252435,1.055570577252435,1.0530034931163028,0.04575947061357468,0.03559102730742548,0.04985268734711798,0.5265017465581511,0.3093607256801888,0,1.1102230246251565e-16
scm_dense,v2_sine,x_signal_null,0,joint,2.042384188021632,1.0423841880216318,1.0270063751415646,0.044805381147765375,0.034582081461314494,0.04980336300900287,0.5070425278016552,0.29248463413822806,1,0.0033333333333331883
scm_dense,v2_sine,x_signal_null,0,constrained,2.040306711321995,1.0403067113219948,1.0271505294544307,0.044362083038058886,0.03640565765387095,0.04668310267833675,0.5135752647272156,0.2906437854294752,0,0.0
scm_dense,v2_sine,x_signal_null,1,x_only,2.515006275014822,1.515006275014822,1.3526329052167125,0.05042467881438839,0.034694313186168266,0.05913438842516531,0.676316452608356,0.4829122378327315,0,0.0
scm_dense,v2_sine,x_signal_null,1,joint,2.4672054200405964,1.4672054200405964,1.3424478917590292,0.05347312744517384,0.037670977062721454,0.06462729642160718,0.6712239458795148,0.4846445385706286,0,0.0
scm_dense,v2_sine,x_signal_null,1,constrained,2.4453906247529145,1.4453906247529145,1.3262460454283405,0.04495783561114999,0.03232978857426109,0.05308160156357804,0.6631230227141703,0.47518700428408994,0,0.0
scm_dense,v2_sine,x_signal_null,2,x_only,2.1679053458810165,1.1679053458810165,1.2621310056364856,0.048315063046239726,0.031095856269828977,0.060516079932183366,0.6300137269802122,0.40811806484215,0,0.0016666666666667052
scm_dense,v2_sine,x_signal_null,2,joint,2.1496050994109743,1.1496050994109743,1.23732760152392,0.044812936165106045,0.03185005741644439,0.05445113484855744,0.6166015880927536,0.3832686198977893,0,0.0033333333333334103
scm_dense,v2_sine,x_signal_null,2,constrained,2.2057588345340378,1.2057588345340378,1.2946795101033377,0.053020307418692125,0.0336831780140535,0.06820045217197762,0.6473397550516689,0.43505156276752815,0,0.0
