dgp,n,replicate,return_kind,probe,X,XC,raw,oracle,naive,retained,retained_valid,rho,seconds
A,6000,10000,unique_largest,-1.9210102024101052,-0.7754612673489264,-0.04761619629135429,0.9296855313797684,0.93150807530364,-2.2028525103494925,15,0,0.2749232570942767,162.84677505493164
A,6000,10001,unique_largest,-1.7847592081250034,-0.7623761487853826,-0.12481705415107411,0.8948998297212408,0.9494070296540399,-2.1019971310483627,15,0,0.2744636380207804,124.2773208618164
A,12000,10000,unique_largest,-1.8650538005659292,-0.7862619855517496,-0.16474504998498052,0.8201459699024918,0.9829434859837277,-2.257599094387551,15,0,0.19304084783492573,297.15385603904724
A,12000,10001,unique_largest,-1.8476022156340344,-0.7619770122379504,-0.12786005803046352,0.7989640975574229,0.9476723307290589,-2.2517670143943525,15,0,0.19932169246162645,365.10414004325867
A,12000,10002,unique_largest,-1.8324320215336283,-0.7692630370220419,-0.13709629834801412,0.8417510807027838,0.9890628774472289,-2.2196480116170343,15,0,0.1943853455779585,307.0672240257263
B,6000,10000,unique_largest,-1.5632410345829428,-0.5623461874709708,0.036840027483483966,0.6858313201132215,1.0049368662540408,-1.7867898470669916,15,0,0.2434473320223973,173.96325421333313
B,6000,10001,unique_largest,-1.5310580113335348,-0.5878843233785268,-0.02511886048333694,0.5881826262972724,0.9043818619181344,-1.7829038686827101,15,0,0.2511530002255056,230.69746112823486
C,6000,10000,unique_largest,-2.045973897535081,-0.6968581894504638,-0.05124807956182241,0.5990058092548872,0.9910167821909912,-2.3212418697384973,15,0,0.2854527194113495,232.2906951904297
C,6000,10001,unique_largest,-1.870360846716904,-0.7244252681376961,-0.047958658433816914,0.7161487967199013,0.9387496224845536,-2.26737972276614,15,0,0.27926019468266305,231.95783519744873
