regime,dimension,rep,method,estimate,tau_error,oracle_effect,oracle_bias,d_joint,d_x,d_w,dropped_mass
primary,10,0,joint,1.152895308714623,0.15289530871462298,1.2120044981834692,0.21200449818346923,0.03084671607768639,0.03096993441290613,0.01926452324119124,0.0
primary,10,0,x_only,1.6194336568303762,0.6194336568303762,1.6481330626513906,0.6481330626513906,0.0346882368092358,0.030773546784984233,0.030172403956267222,0.0
primary,10,1,joint,1.4460243778378714,0.4460243778378714,1.4296159561622896,0.42961595616228965,0.030158133377598293,0.030167847813976422,0.023601356889053425,0.0009999999999998899
primary,10,1,x_only,1.5635739207798987,0.5635739207798987,1.551178995205627,0.551178995205627,0.0304911219362681,0.024325573042203535,0.02975949513656965,0.0020000000000000018
primary,10,2,joint,1.0316888992913786,0.031688899291378636,1.0578462250058767,0.05784622500587666,0.03061369419503656,0.028273693916806918,0.025475674520560883,0.0
primary,10,2,x_only,1.676618982922138,0.6766189829221381,1.6966775587338483,0.6966775587338483,0.03300499016100264,0.029141744836198205,0.03521122776093182,0.0
primary,10,3,joint,1.4378244844353594,0.4378244844353594,1.4158753715678607,0.4158753715678607,0.032085756504387074,0.026702790239745238,0.028559686032040503,0.0
primary,10,3,x_only,1.8671473554023286,0.8671473554023286,1.8769664876237167,0.8769664876237167,0.03777870432166811,0.02295992421942852,0.047871453765723514,0.0
primary,10,4,joint,2.0352039175828938,1.0352039175828938,1.9245990241143096,0.9245990241143096,0.044449578164834254,0.0370131354380845,0.052537754216528426,0.008000000000000007
primary,10,4,x_only,2.040776704154143,1.0407767041541431,1.9216449332238357,0.9216449332238357,0.0405084927696867,0.029996214958916387,0.046975067908776154,0.0
primary,10,5,joint,1.0681567385524626,0.06815673855246263,1.0067828967343977,0.006782896734397692,0.02874323195100519,0.028288969362802816,0.022746755879196508,0.001000000000000112
primary,10,5,x_only,1.4801953491888429,0.4801953491888429,1.375793615601435,0.375793615601435,0.031175507877332507,0.026156216841484108,0.029291225209780017,0.0020000000000000018
primary,10,6,joint,1.267087149349204,0.26708714934920397,1.0795583209238568,0.07955832092385684,0.03383932496495377,0.03313679404456509,0.029535807325927328,0.0020000000000000018
primary,10,6,x_only,1.4471282317226528,0.4471282317226528,1.2415708276954127,0.24157082769541272,0.0290033533141382,0.028705617582653768,0.022822219080984592,0.0
primary,10,7,joint,1.2173701253625409,0.21737012536254086,1.1186677617913707,0.11866776179137073,0.02861780682150064,0.02879578342377506,0.015196717570069698,1.1102230246251565e-16
primary,10,7,x_only,1.7054651667114922,0.7054651667114922,1.616805529280464,0.616805529280464,0.031056173214210878,0.026791394237318095,0.029194360292651794,1.1102230246251565e-16
primary,30,0,joint,1.9909847697198801,0.9909847697198801,2.0507252809728707,1.0507252809728707,0.04254300496633773,0.028002576917027094,0.05616082091896396,0.0040000000000000036
primary,30,0,x_only,1.9358568163058545,0.9358568163058545,1.986632442315096,0.9866324423150961,0.0397414477965558,0.029301535886667028,0.046037718806422503,0.0
primary,30,1,joint,1.6145508748134216,0.6145508748134216,1.668923696023879,0.6689236960238789,0.03711784384795103,0.030139915377277664,0.03716134609424826,0.0
primary,30,1,x_only,1.9656051450353753,0.9656051450353753,2.0602395937533453,1.0602395937533453,0.04098573885395816,0.02864904638597682,0.04969641689593928,0.0
primary,30,2,joint,1.542884998775073,0.542884998775073,1.5490984029223527,0.5490984029223527,0.03589094459078084,0.031164674131502416,0.03353910103370233,0.0
primary,30,2,x_only,2.1364757182816128,1.1364757182816128,2.152895257125579,1.152895257125579,0.037098638089980124,0.028607484234627063,0.04361743053805231,1.1102230246251565e-16
primary,30,3,joint,1.448398580261445,0.44839858026144497,1.5052473122440142,0.5052473122440142,0.029305528462268037,0.026864168086012902,0.02454126347590094,0.018000000000000016
primary,30,3,x_only,1.5614578012298748,0.5614578012298748,1.6452377272890055,0.6452377272890055,0.03135259983301044,0.026610198785877958,0.028703462147937276,0.0
primary,30,4,joint,1.4861211663389775,0.4861211663389775,1.5171499671943012,0.5171499671943012,0.030822264904506135,0.028062782974016386,0.023613839256290244,0.0
primary,30,4,x_only,2.02420393260563,1.02420393260563,2.0225248230996846,1.0225248230996846,0.026448898508209494,0.020842541897788596,0.030442202791835946,0.0010000000000000009
primary,30,5,joint,2.011948144308927,1.0119481443089269,1.839406873124899,0.8394068731248989,0.034808873648889536,0.029720850972290092,0.037880056549091955,0.0
primary,30,5,x_only,1.9969232425592847,0.9969232425592847,1.8423446220035113,0.8423446220035113,0.03016042477607639,0.026627457790321107,0.02948804933910655,0.0
primary,30,6,joint,1.75659091903331,0.75659091903331,1.7404273746422336,0.7404273746422336,0.03338498954426893,0.025488800353889948,0.03785713047297234,0.0
primary,30,6,x_only,2.2971901474592045,1.2971901474592045,2.2754624946922246,1.2754624946922246,0.038679152319389176,0.02530628779338422,0.051291955345927356,0.0020000000000000018
primary,30,7,joint,1.635648171214576,0.6356481712145761,1.6755202426587896,0.6755202426587896,0.03671555732364177,0.02837059023875653,0.04273683839194309,0.0010000000000000009
primary,30,7,x_only,1.8459573705915204,0.8459573705915204,1.8639180087369804,0.8639180087369804,0.03362314810093941,0.025610357079699473,0.037964518566447246,0.0
proxy_null,30,0,joint,2.369273627592636,1.3692736275926358,2.408406761048637,1.4084067610486368,0.02482348080427489,0.027062382230478944,0.015395866481941122,0.0
proxy_null,30,0,x_only,2.1764074300609866,1.1764074300609866,2.1942116586212856,1.1942116586212856,0.024922950228509315,0.024510345323468078,0.018136865085997,0.0020000000000000018
proxy_null,30,1,joint,2.1194817209066406,1.1194817209066406,2.111411243146696,1.111411243146696,0.029510182766372742,0.027957325034473318,0.022265602560893927,0.0
proxy_null,30,1,x_only,2.2673030016258826,1.2673030016258826,2.2405338607089127,1.2405338607089127,0.025338978056271767,0.024329223939537514,0.021682908394740023,0.0040000000000000036
proxy_null,30,2,joint,2.449824969581155,1.449824969581155,2.370074814288262,1.370074814288262,0.030088042971674233,0.028871897661861764,0.022833855823649794,0.010000000000000009
proxy_null,30,2,x_only,2.140227922699819,1.140227922699819,2.11084468459045,1.1108446845904498,0.020907446844415086,0.021525667011517285,0.010023089153456469,0.0
proxy_null,30,3,joint,1.912005090054709,0.912005090054709,1.9001638282280267,0.9001638282280267,0.029750251395050293,0.026386481439308444,0.024798459768513064,0.0020000000000000018
proxy_null,30,3,x_only,1.6744310875115738,0.6744310875115738,1.6819826148414863,0.6819826148414863,0.030854008238917593,0.02732972208076376,0.025341101488545716,0.0
proxy_null,30,4,joint,2.1443011346169785,1.1443011346169785,2.114008587094787,1.1140085870947871,0.02497529324331668,0.02665054958599255,0.019549512725142815,0.0
proxy_null,30,4,x_only,2.053533067559834,1.053533067559834,2.039730261023211,1.039730261023211,0.025744783640550353,0.02716203384098947,0.014929368534816797,0.0
proxy_null,30,5,joint,2.0706684930383217,1.0706684930383217,2.149074628521314,1.1490746285213138,0.03112866622195874,0.02856502920740653,0.02434712184258095,0.0
proxy_null,30,5,x_only,1.8655195781562584,0.8655195781562584,1.9364613062667235,0.9364613062667235,0.027993778071406246,0.027326437223089233,0.016746088329540273,0.0
proxy_null,30,6,joint,2.6807547584543836,1.6807547584543836,2.696750903796744,1.6967509037967439,0.02872858734321114,0.027221876986340536,0.024501131837184168,0.0009999999999998899
proxy_null,30,6,x_only,2.6061945985900477,1.6061945985900477,2.6288736191709994,1.6288736191709994,0.021609507430134952,0.021910286794449202,0.015462590377941414,0.026000000000000023
proxy_null,30,7,joint,2.288372124723662,1.288372124723662,2.35723236125079,1.35723236125079,0.019965974413090545,0.021374958140583832,0.012876613078123308,0.0
proxy_null,30,7,x_only,2.2394313092977725,1.2394313092977725,2.3217787231514864,1.3217787231514864,0.023275432204717113,0.024499449171538148,0.01172869657638783,0.0020000000000000018
x_signal_null,30,0,joint,2.152628518180708,1.152628518180708,2.0685661419579553,1.0685661419579553,0.039280349110133075,0.02587542948403141,0.05262695621766578,0.0009999999999998899
x_signal_null,30,0,x_only,2.1445448454716316,1.1445448454716316,2.0511213503771524,1.0511213503771524,0.03879492574323319,0.023179542297143325,0.05203477954004793,0.0020000000000000018
x_signal_null,30,1,joint,1.973074090971081,0.9730740909710811,2.033544400544639,1.0335444005446388,0.04365295398911049,0.030550608721535377,0.054646963235253,0.0
x_signal_null,30,1,x_only,1.9942715257319066,0.9942715257319066,2.057631839644877,1.057631839644877,0.03742076063130417,0.02379781556282908,0.05123964664911361,0.0040000000000000036
x_signal_null,30,2,joint,1.9376756169857678,0.9376756169857678,1.9081530208466368,0.9081530208466368,0.04258833239368985,0.030361037685506187,0.05564597629290159,0.0
x_signal_null,30,2,x_only,1.9013508023112118,0.9013508023112118,1.9002556753378874,0.9002556753378874,0.04148871019206871,0.030551370675296535,0.05300881275503155,0.0010000000000000009
x_signal_null,30,3,joint,2.1370855942277145,1.1370855942277145,2.1102978430193313,1.1102978430193313,0.041745056751143816,0.02822724545552494,0.05430266962023198,0.0020000000000000018
x_signal_null,30,3,x_only,2.1190837406610465,1.1190837406610465,2.089429972061513,1.089429972061513,0.03795560882361387,0.024143717436078616,0.050369415366645125,0.0050000000000000044
x_signal_null,30,4,joint,1.9223459883897078,0.9223459883897078,1.9072610192468904,0.9072610192468904,0.036902871994185814,0.027158972200731525,0.043762202148099505,0.0
x_signal_null,30,4,x_only,1.9682663905117552,0.9682663905117552,1.9387489856569107,0.9387489856569107,0.03650055898315489,0.024461575776359303,0.0466390157109635,0.0
x_signal_null,30,5,joint,2.1317818826517296,1.1317818826517296,2.0770143941596033,1.0770143941596033,0.03662896962881834,0.024395086685712265,0.04712789685064929,0.0050000000000001155
x_signal_null,30,5,x_only,2.1051765916476457,1.1051765916476457,2.0539137845601187,1.0539137845601187,0.039684056118148424,0.028601571105248483,0.047763993391751934,0.0
x_signal_null,30,6,joint,2.0847964577822062,1.0847964577822062,2.1278309431914595,1.1278309431914595,0.03641040207666489,0.025517907416039758,0.04663589733809717,0.0
x_signal_null,30,6,x_only,2.0838975637743444,1.0838975637743444,2.1146823085825144,1.1146823085825144,0.03771801897194108,0.026016419172215605,0.04734528581909101,0.0
x_signal_null,30,7,joint,2.2144354922986107,1.2144354922986107,2.2785741308410685,1.2785741308410685,0.04363140512952146,0.027488310685757144,0.0567297477235978,0.006000000000000005
x_signal_null,30,7,x_only,2.1865451410831476,1.1865451410831476,2.229549819336284,1.2295498193362842,0.04301350037318892,0.028174191984011613,0.05533024999519519,0.0020000000000000018
