sigma_w,gamma_u,rep,method,estimate,tau_error,oracle_effect,oracle_bias,d_joint,d_x,d_w,dropped_mass
0.3,0.5,0,joint,1.7546561619810603,0.7546561619810603,1.7403505701701425,0.7403505701701425,0.04412276126869288,0.034530858619119295,0.04408377612147235,0.0016666666666667052
0.3,0.5,0,x_only,1.8153911934081302,0.8153911934081302,1.79956456135389,0.79956456135389,0.04713278555588654,0.037461304660394885,0.04820842733037954,0.0016666666666667052
0.3,0.5,1,joint,1.5355992991051226,0.5355992991051226,1.4729920111742172,0.4729920111742172,0.04187161565109622,0.040474950783781084,0.03591490353298096,0.0
0.3,0.5,1,x_only,1.5160957029406874,0.5160957029406874,1.4599951204011852,0.4599951204011852,0.041086913479027334,0.03469960976235488,0.04314727866472013,0.020000000000000018
0.3,0.5,2,joint,1.879640096880471,0.879640096880471,1.8696399383545799,0.8696399383545799,0.050346795420454137,0.04202063332555476,0.05237694175384595,0.0
0.3,0.5,2,x_only,1.8744091629226298,0.8744091629226298,1.8980692047969001,0.8980692047969001,0.054486118166460165,0.0417845292950017,0.05714575446305892,0.009999999999999898
0.3,0.5,3,joint,1.8647953347567259,0.8647953347567259,1.8356486350218568,0.8356486350218568,0.049949443974227126,0.03555294727628456,0.05002882091395859,0.0016666666666667052
0.3,0.5,3,x_only,1.8869717605455776,0.8869717605455776,1.869602681153314,0.869602681153314,0.05312139059989177,0.0355599629664568,0.05567166806603103,0.0
0.3,0.5,4,joint,1.585055107579521,0.585055107579521,1.6054780988318436,0.6054780988318436,0.041941955288329016,0.038940483275606945,0.042905724512233144,0.0
0.3,0.5,4,x_only,1.8924315094989168,0.8924315094989168,1.931597680281364,0.9315976802813639,0.043633698318388335,0.040554251902649906,0.04328042047775398,0.004999999999999893
0.3,0.5,5,joint,1.7447897628734248,0.7447897628734248,1.8036604300371695,0.8036604300371695,0.049224498525433306,0.042034251200740724,0.04883843766796946,1.1102230246251565e-16
0.3,0.5,5,x_only,1.857999547957124,0.8579995479571241,1.92136244479053,0.92136244479053,0.04621950907804463,0.03538789380666243,0.046559041839876414,0.0033333333333334103
0.3,1.0,0,joint,2.4033264450468725,1.4033264450468725,2.3750464214792943,1.3750464214792943,0.0704513227645341,0.04456855573293649,0.07753483683671258,0.0016666666666667052
0.3,1.0,0,x_only,2.34733224263646,1.34733224263646,2.3202043793733127,1.3202043793733127,0.07538653423820552,0.051703990555088064,0.08417630694957813,0.00666666666666671
0.3,1.0,1,joint,2.327440099158225,1.327440099158225,2.2935078753238765,1.2935078753238765,0.06207546515558576,0.04474216771762207,0.0606634128688772,1.1102230246251565e-16
0.3,1.0,1,x_only,1.9611246449413187,0.9611246449413187,1.9517316451583784,0.9517316451583784,0.05793237560164279,0.035194591611636676,0.06269198719824363,0.004999999999999893
0.3,1.0,2,joint,2.2178487681499983,1.2178487681499983,2.218234463498742,1.2182344634987419,0.06029719383870444,0.045866704093013966,0.05951266174701924,0.004999999999999893
0.3,1.0,2,x_only,2.1892038229199753,1.1892038229199753,2.1817205669151063,1.1817205669151063,0.060996540147229356,0.041189618179781,0.06354853601468372,0.004999999999999893
0.3,1.0,3,joint,2.3402656397211894,1.3402656397211894,2.3949481001821455,1.3949481001821455,0.058022259526448655,0.041784100658150115,0.06335817404240365,0.010000000000000009
0.3,1.0,3,x_only,2.2502386525675293,1.2502386525675293,2.3039384514247985,1.3039384514247985,0.05608853038756367,0.034365496792531876,0.06758229435281182,0.0016666666666667052
0.3,1.0,4,joint,2.0024770189400334,1.0024770189400334,2.0563809832189097,1.0563809832189097,0.05224590692251323,0.030574861112697856,0.059232305403717045,0.0
0.3,1.0,4,x_only,2.0256776697642835,1.0256776697642835,2.0801042687225397,1.0801042687225397,0.06089883144151185,0.035799246467515665,0.07274979743353877,1.1102230246251565e-16
0.3,1.0,5,joint,2.266965875742458,1.266965875742458,2.215301914652192,1.215301914652192,0.06314482324247567,0.039614374167225457,0.07121689590621473,0.0
0.3,1.0,5,x_only,2.2989141422258097,1.2989141422258097,2.253929051370045,1.253929051370045,0.06291625386720706,0.0378442915207985,0.07185227241422602,0.008333333333333304
0.3,2.0,0,joint,3.1879007832321484,2.1879007832321484,3.1120440588005556,2.1120440588005556,0.08858743848176195,0.05536636631159856,0.0957145106838261,0.0
0.3,2.0,0,x_only,3.0376119726526443,2.0376119726526443,2.9730288539609435,1.9730288539609435,0.0865222149681976,0.043557005351576576,0.09693605095436598,0.004999999999999893
0.3,2.0,1,joint,2.6189047315070884,1.6189047315070884,2.588968073993869,1.5889680739938692,0.0868285485899958,0.0327005272487951,0.10284733128082069,0.0
0.3,2.0,1,x_only,2.8224057293784908,1.8224057293784908,2.7990350629954452,1.7990350629954452,0.09605376440755391,0.04253122207137801,0.111634330977031,0.0050000000000000044
0.3,2.0,2,joint,2.762077738772338,1.762077738772338,2.7990898962861075,1.7990898962861075,0.0827831298017517,0.03808653762271119,0.09728325496594457,0.0
0.3,2.0,2,x_only,2.8677342713607477,1.8677342713607477,2.890886307677699,1.890886307677699,0.08543157602152043,0.038734854725962144,0.10115998559862253,0.0033333333333332993
0.3,2.0,3,joint,2.7036535986496935,1.7036535986496935,2.7948835100780203,1.7948835100780203,0.08580028805010155,0.03928705112880995,0.10155339146765582,0.0
0.3,2.0,3,x_only,2.6921431413981805,1.6921431413981805,2.78265619571432,1.78265619571432,0.08405774611539868,0.03599982972284313,0.10073111452348914,0.008333333333333304
0.3,2.0,4,joint,2.560236900740552,1.560236900740552,2.525858519608246,1.5258585196082461,0.08088625052353968,0.03602634803621085,0.09702732718492715,0.004999999999999893
0.3,2.0,4,x_only,2.5479896301932827,1.5479896301932827,2.5139279413766547,1.5139279413766547,0.08021291885969911,0.027098166002184707,0.0974968964148161,0.0016666666666667052
0.3,2.0,5,joint,2.6130122175489534,1.6130122175489534,2.5970404621236347,1.5970404621236347,0.08232951073091538,0.04995539546778768,0.0945008313866981,1.1102230246251565e-16
0.3,2.0,5,x_only,2.6151384699590037,1.6151384699590037,2.602522101051898,1.602522101051898,0.07983199256952646,0.04211555158284735,0.09294723390417471,0.0
1.0,0.5,0,joint,1.9912041569551422,0.9912041569551422,2.0087839807780252,1.0087839807780252,0.049095351924892734,0.03965009907550628,0.05137539775722,1.1102230246251565e-16
1.0,0.5,0,x_only,2.0019892873588137,1.0019892873588137,2.011355878822721,1.0113558788227208,0.055602543468072155,0.04478758252321486,0.05971542853613831,0.013333333333333308
1.0,0.5,1,joint,1.5522502294460128,0.5522502294460128,1.5699564583729806,0.5699564583729806,0.03828891332700276,0.0407107463161721,0.02840134781101556,0.0016666666666667052
1.0,0.5,1,x_only,1.5809108611818932,0.5809108611818932,1.6033566916748425,0.6033566916748425,0.041300824523079246,0.04221352030676771,0.037086549089264655,0.0033333333333332993
1.0,0.5,2,joint,2.031626840497885,1.0316268404978848,2.0168759971939845,1.0168759971939845,0.04620505257337192,0.04004007841026309,0.048125796691087616,0.0016666666666665941
1.0,0.5,2,x_only,1.8990679747851456,0.8990679747851456,1.8690589610980968,0.8690589610980968,0.03929836311088194,0.03312181066695269,0.04039604861914542,0.0
1.0,0.5,3,joint,1.7346539101233176,0.7346539101233176,1.7420786867666733,0.7420786867666733,0.038402863234930994,0.03742627290413889,0.03395592387494051,0.00666666666666671
1.0,0.5,3,x_only,1.6410606400538867,0.6410606400538867,1.6385980183710571,0.6385980183710571,0.03577445181094237,0.03254391618414574,0.03488579110567029,0.0
1.0,0.5,4,joint,1.8549439752809396,0.8549439752809396,1.9047516284275794,0.9047516284275794,0.04053937909872716,0.03835043279780784,0.038075906975467345,0.0
1.0,0.5,4,x_only,1.8281875842428659,0.8281875842428659,1.880935513193489,0.8809355131934891,0.04689390296739794,0.043171643103109884,0.041952704061248486,0.0
1.0,0.5,5,joint,1.6130938705151228,0.6130938705151228,1.6748962590340009,0.6748962590340009,0.04218002630745059,0.04306204105101435,0.04066666552721116,0.0
1.0,0.5,5,x_only,1.6143810919967096,0.6143810919967096,1.654600141631527,0.654600141631527,0.047506194057438875,0.04227811624711587,0.04804788534022309,0.0
1.0,1.0,0,joint,2.12063058189274,1.12063058189274,2.0839537499711125,1.0839537499711125,0.044134967124956195,0.03978608297990192,0.0383415928657342,0.0
1.0,1.0,0,x_only,2.046923016414654,1.0469230164146541,2.001860014775267,1.001860014775267,0.04688336406941397,0.03655891894516813,0.045583076594734706,0.015000000000000124
1.0,1.0,1,joint,2.3153258144076267,1.3153258144076267,2.390314885559754,1.390314885559754,0.053809954250038046,0.041909145336110495,0.05503188089750977,0.008333333333333415
1.0,1.0,1,x_only,2.1593236857879057,1.1593236857879057,2.220075690139888,1.220075690139888,0.05374282058408008,0.04152109764128309,0.05596323502714133,0.01000000000000012
1.0,1.0,2,joint,2.23644644881877,1.23644644881877,2.1881452942697006,1.1881452942697006,0.04980180720428556,0.0361711746889628,0.053415475042124516,0.0016666666666667052
1.0,1.0,2,x_only,2.33829697555673,1.3382969755567302,2.2907591330983204,1.2907591330983204,0.05260368347992363,0.03542702408413019,0.05654774478329376,0.0033333333333332993
1.0,1.0,3,joint,2.2377172164175487,1.2377172164175487,2.243510651678794,1.2435106516787942,0.038811163139837554,0.03201587031751309,0.03907031435581685,0.0033333333333332993
1.0,1.0,3,x_only,2.2516201551839403,1.2516201551839403,2.256697687989038,1.2566976879890381,0.04556918265335522,0.037249503177167846,0.04848473915987577,0.0016666666666667052
1.0,1.0,4,joint,2.193343393377094,1.193343393377094,2.189427279101293,1.189427279101293,0.045258393875155754,0.03704944112852866,0.044555342166347885,0.0016666666666667052
1.0,1.0,4,x_only,2.169027099518716,1.1690270995187162,2.159450026700713,1.1594500267007128,0.0414849563830443,0.030956865849062168,0.04340128500150913,0.0
1.0,1.0,5,joint,2.012708044168214,1.012708044168214,2.0318623280909005,1.0318623280909005,0.05099640840442254,0.03972384063138872,0.05256706733469239,0.0
1.0,1.0,5,x_only,1.8572966011259398,0.8572966011259398,1.8768730269323066,0.8768730269323066,0.04724574981263885,0.03844241446519942,0.04600587271137,0.0
1.0,2.0,0,joint,2.843321782393916,1.8433217823939159,2.879733037142075,1.879733037142075,0.06741753271753051,0.03128058971292862,0.08271896391917413,0.0033333333333332993
1.0,2.0,0,x_only,2.707013504286281,1.707013504286281,2.7311128042355604,1.7311128042355604,0.06762515394851426,0.034707879648658964,0.08079656349822256,0.0
1.0,2.0,1,joint,2.5635550663164546,1.5635550663164546,2.5646845741571487,1.5646845741571487,0.056088761841130486,0.03793030944029258,0.06151395547162777,0.0216666666666665
1.0,2.0,1,x_only,2.501109356578266,1.501109356578266,2.5143947879459287,1.5143947879459287,0.059455249323629826,0.04052964344843389,0.06736901362299158,0.0
1.0,2.0,2,joint,2.7551583008388265,1.7551583008388265,2.787034889427921,1.7870348894279209,0.060158995733336496,0.04047280032482972,0.06959868226420804,0.0
1.0,2.0,2,x_only,2.740501651509769,1.7405016515097689,2.7791734620469786,1.7791734620469786,0.06696207118574461,0.043626184535716254,0.07603903500140599,0.0
1.0,2.0,3,joint,2.978497537566148,1.978497537566148,2.9169527984090196,1.9169527984090196,0.07324314436916259,0.04551597258969144,0.07935618339401725,0.0
1.0,2.0,3,x_only,2.900838381752962,1.900838381752962,2.829400555408683,1.8294005554086832,0.0733281932972751,0.039887357858252724,0.08158754633607268,0.0016666666666665941
1.0,2.0,4,joint,2.7244281496298095,1.7244281496298095,2.773827031232349,1.773827031232349,0.06798042623897729,0.04754283057342727,0.0664272792805821,0.0016666666666665941
1.0,2.0,4,x_only,2.625186102045365,1.6251861020453648,2.6715322088683053,1.6715322088683053,0.06677013160687281,0.04424352099329812,0.0686470379886976,0.0016666666666664831
1.0,2.0,5,joint,2.8723230171319707,1.8723230171319707,2.8383561605445458,1.8383561605445458,0.06796600765099634,0.029230547271538104,0.07831476638572223,0.0033333333333334103
1.0,2.0,5,x_only,2.8001804849184113,1.8001804849184113,2.781021642272062,1.7810216422720622,0.07281896616080295,0.039435585153515834,0.08300897830364502,0.011666666666666714
2.0,0.5,0,joint,1.9464636486590754,0.9464636486590754,1.8743499481769115,0.8743499481769115,0.037792520657015875,0.03934460213667469,0.03181984031258071,0.0
2.0,0.5,0,x_only,2.057570956024805,1.0575709560248052,1.986553475332334,0.986553475332334,0.043397213775814514,0.04026929595699616,0.037250890061552716,0.0033333333333332993
2.0,0.5,1,joint,1.6553629090650768,0.6553629090650768,1.6630982245564792,0.6630982245564792,0.04486904835427443,0.04609808670655289,0.03947765611391042,0.0016666666666665941
2.0,0.5,1,x_only,1.6809088199205138,0.6809088199205138,1.6636754589921863,0.6636754589921863,0.041128717725869075,0.038033503363477515,0.03827131959535427,0.0016666666666667052
2.0,0.5,2,joint,1.6834469302596662,0.6834469302596662,1.6491399205919375,0.6491399205919375,0.03688230682342884,0.03567680110028666,0.03508208664949936,0.0050000000000001155
2.0,0.5,2,x_only,1.7003430640727353,0.7003430640727353,1.6689535517092347,0.6689535517092347,0.03942857369889412,0.03787656597061592,0.03655655853380195,0.0016666666666665941
2.0,0.5,3,joint,1.829390206284184,0.829390206284184,1.8132858798912617,0.8132858798912617,0.037084504599484876,0.04027993105798182,0.02720011010398469,0.0016666666666667052
2.0,0.5,3,x_only,1.803112370514465,0.8031123705144649,1.7743869710769182,0.7743869710769182,0.04038287888165979,0.04190995176980357,0.032852958031416496,0.0016666666666667052
2.0,0.5,4,joint,1.648076132829848,0.6480761328298481,1.6364678390682423,0.6364678390682423,0.04054564921188791,0.04143763349497487,0.03622960993828539,0.00666666666666671
2.0,0.5,4,x_only,1.5102365283579156,0.5102365283579156,1.4804399579106842,0.48043995791068417,0.040183980055643574,0.0318746123900121,0.04521174649651247,0.010000000000000009
2.0,0.5,5,joint,1.894572552785165,0.8945725527851649,1.9204154981619421,0.9204154981619421,0.048868506269859426,0.04140287653829832,0.04772112341760674,0.0
2.0,0.5,5,x_only,1.7342556516724523,0.7342556516724523,1.7586317159546667,0.7586317159546667,0.0465378642596073,0.03775095759704715,0.048644278515707885,0.0
2.0,1.0,0,joint,2.3012619006809456,1.3012619006809456,2.259174827820791,1.2591748278207908,0.04536629935757462,0.033147897990999105,0.05034661553730656,0.004999999999999893
2.0,1.0,0,x_only,2.2535539398874325,1.2535539398874325,2.217989960315794,1.2179899603157942,0.046458759101484344,0.030417123185074918,0.054397919086582286,1.1102230246251565e-16
2.0,1.0,1,joint,2.272462189407122,1.272462189407122,2.2132728465639153,1.2132728465639153,0.045793119498610424,0.03771554851626754,0.04888814894863702,0.0
2.0,1.0,1,x_only,2.324463051221344,1.3244630512213438,2.2484058091953782,1.2484058091953782,0.04750004169057403,0.03595432540866,0.04995830085369241,0.0
2.0,1.0,2,joint,2.1993355391148,1.1993355391148,2.1641679607381454,1.1641679607381454,0.042552381007473626,0.03902758781691521,0.03868823483542219,1.1102230246251565e-16
2.0,1.0,2,x_only,2.2328988004459682,1.2328988004459682,2.1984704808198865,1.1984704808198865,0.036218206326603775,0.03603066129668691,0.03283155560772628,0.0050000000000000044
2.0,1.0,3,joint,2.323469824471526,1.323469824471526,2.309782075896083,1.309782075896083,0.037870798869958505,0.03576368464595385,0.03758372480519491,0.0
2.0,1.0,3,x_only,2.1706517353672883,1.1706517353672883,2.1694393192175343,1.1694393192175343,0.037354419305908014,0.033209043645678865,0.039496414607672864,0.0050000000000000044
2.0,1.0,4,joint,1.9847746053241613,0.9847746053241613,1.996888320711176,0.9968883207111761,0.04715469706883261,0.0445231165264299,0.03922358171746777,0.0
2.0,1.0,4,x_only,1.9589559579426548,0.9589559579426548,1.9821509328076583,0.9821509328076583,0.03887376650407486,0.035648750733762176,0.036923723328915574,0.008333333333333304
2.0,1.0,5,joint,1.8121031636227505,0.8121031636227505,1.9116594683869226,0.9116594683869226,0.039558369384210555,0.03042636483814424,0.04357995499109858,0.0050000000000000044
2.0,1.0,5,x_only,1.9562977599011298,0.9562977599011298,2.040714431613099,1.040714431613099,0.04095147571471646,0.03460260091645055,0.04280356579581406,1.1102230246251565e-16
2.0,2.0,0,joint,2.6625923638635665,1.6625923638635665,2.6344975483120665,1.6344975483120665,0.045234645274151095,0.03444045208555054,0.05299167054003397,0.01000000000000012
2.0,2.0,0,x_only,2.8090843114108615,1.8090843114108615,2.770065594250876,1.7700655942508758,0.04275010010438352,0.03390323382663306,0.045594360602659985,0.0016666666666667052
2.0,2.0,1,joint,2.590223913299041,1.5902239132990408,2.604034309711385,1.604034309711385,0.0501711248581982,0.04136830477611455,0.04740092007857112,0.0
2.0,2.0,1,x_only,2.5677845540196103,1.5677845540196103,2.573864551273606,1.5738645512736058,0.05177669616725479,0.03886463197113606,0.05618297476154506,0.0
2.0,2.0,2,joint,2.4705406046952687,1.4705406046952687,2.5132931256750366,1.5132931256750366,0.04822283402430903,0.042170404522224605,0.04695283512888448,0.0
2.0,2.0,2,x_only,2.670954093411178,1.670954093411178,2.6849249283322245,1.6849249283322245,0.05450407924337768,0.044232557706632085,0.05122028863033333,0.0050000000000000044
2.0,2.0,3,joint,2.742265485908459,1.742265485908459,2.7333148409651895,1.7333148409651895,0.045703476255014974,0.027663193400812594,0.04837176919282729,0.0
2.0,2.0,3,x_only,2.6856375085167907,1.6856375085167907,2.673473460711568,1.673473460711568,0.05172243071118656,0.03594613064871032,0.057939929671073045,0.0016666666666667052
2.0,2.0,4,joint,2.606171456701301,1.606171456701301,2.6160118577675435,1.6160118577675435,0.04673165889109143,0.0370021806193677,0.04645603753374546,0.0
2.0,2.0,4,x_only,2.588402005409824,1.588402005409824,2.602259639030847,1.602259639030847,0.05099826146279888,0.04622840698391098,0.04746101802061986,0.0
2.0,2.0,5,joint,2.64087406923893,1.6408740692389299,2.675628781029064,1.6756287810290642,0.05806678392586827,0.04742975098332625,0.05818833215775229,0.016666666666666607
2.0,2.0,5,x_only,2.7924804903991425,1.7924804903991425,2.8297082195194676,1.8297082195194676,0.0634084555418688,0.05076962323684186,0.0638231508058587,0.0033333333333332993
