transform,n,rep,method,ate_estimate,ate_error,j1_estimate,j1_error,heldout_joint_cci,common_score_support,propensity_interior_fraction,treated_ess,control_ess,treated_ess_fraction,control_ess_fraction,supported_quantile_cell_fraction,minimum_quantile_cell_arm_count,overlap_gate_pass,score_min,score_max,optimization_decreased_fraction
sin,400,0,x_only,124.14467568136384,123.14467568136384,154.4499289775028,69.94173225619132,0.05325079429476273,True,1.0,70.66618844433648,92.74695195393198,0.7807824408061304,0.8469708454550393,1.0,5,True,0.0004951531845614859,0.9994507254675709,1.0
sin,400,0,cross_view,31.967837340478173,30.967837340478173,94.6009704563252,10.092773735013722,0.020441176752405053,True,0.9129353233830846,25.41265973267845,61.15491545387822,0.28121881825677686,0.5588244641755356,0.6,0,False,0.00043480521250075237,0.9993257543271515,0.0
sin,400,0,self_conditioned,34.304722313038376,33.304722313038376,95.54840481558051,11.040208094269033,0.021647286172501237,True,0.9552238805970149,24.272567645501148,62.53994838885558,0.2683038903615074,0.5720044759178109,0.6,0,False,0.0005719883199814185,0.9992581511842414,0.5
sin,400,0,full_observed,78.76088982820565,77.76088982820565,124.18654329542369,39.67834657411221,,,,,,,,,,,,,
sin,400,0,privileged_xprime_u,2.333697456713926,1.3336974567139261,81.82549490742389,-2.68270181388759,,,,,,,,,,,,,
sin,400,1,x_only,108.4264890388107,107.4264890388107,131.83261534313453,47.32441862182306,0.057220984405194575,True,1.0,77.0553665750579,68.28015276770071,0.7338606340481706,0.7187384501863234,1.0,3,True,0.0004429580716216851,0.9996390873793078,1.0
sin,400,1,cross_view,38.35032694552934,37.35032694552934,104.48070540336663,19.97250868205515,0.021053480978484022,True,1.0,48.11562413675439,41.406418651764156,0.4582440393976609,0.43585703843962276,0.4,0,False,0.0006276069477301462,0.9994351202086617,0.5
sin,400,1,self_conditioned,32.23523694304547,31.23523694304547,102.50778031162722,17.999583590315737,0.021511326263302724,True,1.0,50.99463419773805,35.75002654481145,0.4856631828356005,0.3763160688927521,0.6,0,False,0.0005495577719880628,0.9991836532938912,0.5
sin,400,1,full_observed,76.68617490991892,75.68617490991892,122.58163921165404,38.07344249034256,,,,,,,,,,,,,
sin,400,1,privileged_xprime_u,-2.5124367118212243,-3.5124367118212243,84.93874866995209,0.43055194864061264,,,,,,,,,,,,,
sin,400,2,x_only,117.06945025843918,116.06945025843918,145.46707996202366,60.95888324071218,0.05349048744947593,True,1.0,71.27499030101063,81.3150411625969,0.7424478156355273,0.781875395794201,1.0,4,True,0.0004506938018592555,0.9995097974291154,1.0
sin,400,2,cross_view,44.74954574607589,43.74954574607589,106.53537255204675,22.027175830735274,0.01924909399211816,True,1.0,32.95809438727301,40.555064413154135,0.34331348320076044,0.3899525424341744,0.6,0,False,0.00045777037842575723,0.9990284010299647,0.0
sin,400,2,self_conditioned,41.55459925044391,40.55459925044391,107.10030472237689,22.592108001065412,0.01890691196815581,True,1.0,38.817115531149135,47.26479499754916,0.4043449534494702,0.4544691826687419,0.6,0,False,0.0006386967868622648,0.9989409167302779,1.0
sin,400,2,full_observed,81.36277395614147,80.36277395614147,126.82202563192226,42.31382891061078,,,,,,,,,,,,,
sin,400,2,privileged_xprime_u,1.9580229785184964,0.9580229785184964,84.64295378287348,0.13475706156199863,,,,,,,,,,,,,
sin,400,3,x_only,119.96306091523485,118.96306091523485,141.07266269571065,56.56446597439917,0.041436407357718225,True,1.0,70.1030543667102,61.55673651589373,0.6676481368258114,0.6479656475357236,1.0,2,True,0.0003482809217519768,0.9994837884467372,1.0
sin,400,3,cross_view,53.30155379671361,52.30155379671361,108.93021111467122,24.422014393359746,0.012512601935846263,True,0.8525,60.01375727956942,24.97679011805465,0.5715595931387564,0.26291358019004896,0.2,0,False,0.000523472026772779,0.998910609049495,0.5
sin,400,3,self_conditioned,50.568287173352566,49.568287173352566,105.27561392546691,20.767417204155436,0.012218201860768396,True,0.885,58.512879056647726,27.586417138209146,0.5572655148252165,0.2903833382969384,0.2,0,False,0.0006364369565059816,0.9990149780727597,0.0
sin,400,3,full_observed,90.9182472633645,89.9182472633645,129.630597808616,45.12240108730451,,,,,,,,,,,,,
sin,400,3,privileged_xprime_u,3.029604953207416,2.029604953207416,84.5863762170481,0.0781794957366202,,,,,,,,,,,,,
sin,400,4,x_only,110.65297608618066,109.65297608618066,143.4939774643618,58.98578074305031,0.06664465869267555,True,1.0,90.1095826500117,66.06612244548825,0.822825745182511,0.7304064656198435,1.0,5,True,0.00018816016070122654,0.9998333834815085,1.0
sin,400,4,cross_view,36.662049922678335,35.662049922678335,108.96137285067576,24.45317612936428,0.014736757769312946,True,0.9303482587064676,51.16269788349118,30.199630130871377,0.4672766017148816,0.3342801551721524,0.30000000000000004,0,False,0.00041957439128750276,0.9995050313161281,0.5
sin,400,4,self_conditioned,28.233041071960066,27.233041071960066,101.2227947854717,16.714598064160228,0.015249635053179576,True,0.8731343283582089,54.39435550914692,30.683781841166805,0.4970015948351494,0.3397265731030334,0.5,0,False,0.0006508314259725051,0.9990528904749534,0.5
sin,400,4,full_observed,73.1774607525286,72.1774607525286,123.30480921522597,38.796612493914495,,,,,,,,,,,,,
sin,400,4,privileged_xprime_u,3.417249167589302,2.417249167589302,89.77324959510428,5.265052873792797,,,,,,,,,,,,,
sin,400,5,x_only,116.10165296760734,115.10165296760734,144.40198914819578,59.8937924268843,0.04577008385438494,True,1.0,87.77001652639953,82.01287868521707,0.8439424665999955,0.8543008196376779,1.0,4,True,0.00033781901266861344,0.9996573572743132,1.0
sin,400,5,cross_view,48.24734198037637,47.24734198037637,113.28349113988352,28.775294418572045,0.01920040862327027,True,1.0,33.63847284700721,32.969268614638054,0.3234468542981462,0.34342988140247965,0.6,0,False,0.000510664937569775,0.9993658170515294,0.5
sin,400,5,self_conditioned,43.20311809390616,42.20311809390616,109.37053562569072,24.862338904379243,0.02031129192974778,True,1.0,40.42524492992842,36.537501241567426,0.3887042781723886,0.38059897126632736,0.6,0,False,0.0006007909158886792,0.9992715383595094,1.0
sin,400,5,full_observed,83.40282879382586,82.40282879382586,132.08946605924044,47.58126933792896,,,,,,,,,,,,,
sin,400,5,privileged_xprime_u,3.801433646348033,2.801433646348033,90.15417634186944,5.645979620557966,,,,,,,,,,,,,
sin,400,6,x_only,112.49160662761278,111.49160662761278,139.8982841143734,55.39008739306193,0.055611518886757666,True,1.0,71.32698818061618,69.42260355315942,0.7319415493580335,0.6776286175634786,1.0,2,True,0.00035057801168447597,0.999427051298778,1.0
sin,400,6,cross_view,36.068414965819954,35.068414965819954,96.42456888248597,11.916372161174493,0.017512178066214315,True,0.8492462311557789,45.62318068547582,57.19343459339848,0.46793355455274827,0.5589931779690342,0.30000000000000004,0,False,0.00048134808770844406,0.9994921077592896,0.0
sin,400,6,self_conditioned,27.06994413891943,26.06994413891943,89.40886991872063,4.900673197409148,0.01877400898454484,True,0.8994974874371859,34.10296557895172,41.904277463299096,0.34955005341033507,0.4091901958004884,0.4,0,False,0.0007142559230510448,0.9990259512942173,1.0
sin,400,6,full_observed,78.13948858800123,77.13948858800123,121.48523089364517,36.97703417233369,,,,,,,,,,,,,
sin,400,6,privileged_xprime_u,-1.9672839183647242,-2.967283918364724,78.21840883850446,-6.289787882807019,,,,,,,,,,,,,
sin,400,7,x_only,99.99645950585415,98.99645950585415,142.3911432283919,57.88294650708043,0.06383522565052771,True,1.0,71.2225829387486,82.08019931962428,0.7658342251478344,0.7671046665385446,1.0,3,True,0.00033820028274652377,0.9994030938647791,1.0
sin,400,7,cross_view,48.23963788760508,47.23963788760508,107.20304036719243,22.69484364588095,0.020902140897344112,True,0.9325,37.53828835828276,49.4052395904091,0.4036375092288469,0.4617312111253187,0.6000000000000001,0,False,0.0007616722083515852,0.999001317137012,1.0
sin,400,7,self_conditioned,44.43028805638519,43.43028805638519,105.48308093815677,20.974884216845297,0.018699838743164273,True,0.9025000000000001,33.6574176674082,43.80748775910733,0.3619077168538516,0.40941577344960123,0.5,0,False,0.0006372665021813375,0.999270045534266,1.0
sin,400,7,full_observed,82.3994134747026,81.3994134747026,129.18021046392167,44.67201374261019,,,,,,,,,,,,,
sin,400,7,privileged_xprime_u,2.414991338652052,1.4149913386520518,84.09199513799653,-0.41620158331494395,,,,,,,,,,,,,
sin,400,8,x_only,122.83881922887673,121.83881922887673,141.56196547670717,57.053768755395694,0.0522243765938661,True,1.0,72.93099531504032,74.11127063093656,0.7251733027084554,0.7448239780844585,1.0,3,True,0.00028122742191952026,0.9994010047315325,1.0
sin,400,8,cross_view,38.01185521551209,37.01185521551209,101.02100492757278,16.512808206261298,0.023805477868333258,True,1.0,33.51912904150575,34.11268673297467,0.33387090429349864,0.34243034421820445,0.6,0,False,0.00044064528653280186,0.9993993922372119,0.5
sin,400,8,self_conditioned,33.80191972072049,32.80191972072049,98.83225191679807,14.324055195486594,0.02446046127273871,True,1.0,34.593446996042395,36.391876553722895,0.3442588833256509,0.36542275459857027,0.6,0,False,0.0005541859380148897,0.9991700974224773,1.0
sin,400,8,full_observed,80.31049374055209,79.31049374055209,125.60220281298265,41.094006091671176,,,,,,,,,,,,,
sin,400,8,privileged_xprime_u,-0.33317460628862805,-1.333174606288628,84.91649078174385,0.40829406043236816,,,,,,,,,,,,,
sin,400,9,x_only,127.15503260108238,126.15503260108238,146.60704544229037,62.09884872097889,0.06390880068325863,True,1.0,75.09231961985364,79.69994086653102,0.7705731213370979,0.7777401112152126,1.0,3,True,0.0003639300501583342,0.9993092760832503,1.0
sin,400,9,cross_view,46.64480694830272,45.64480694830272,111.40347518498623,26.895278463674757,0.023278024927375678,True,1.0,38.78164301171911,33.78608696620179,0.3980973304545856,0.32975812570928764,0.6,0,False,0.0004009069626110618,0.9992860314023967,0.0
sin,400,9,self_conditioned,37.7142216538372,36.7142216538372,105.1148891475696,20.60669242625812,0.021926192328917467,True,0.9154228855721394,38.17055697277534,38.463173389982735,0.39177556248310413,0.375536529127024,0.6000000000000001,0,False,0.00037159787974401585,0.9993098198804177,0.5
sin,400,9,full_observed,79.25382860185996,78.25382860185996,128.73373375817383,44.22553703686235,,,,,,,,,,,,,
sin,400,9,privileged_xprime_u,4.094990825115314,3.094990825115314,85.04112529201626,0.5329285707047831,,,,,,,,,,,,,
sin,400,10,x_only,106.4537948918622,105.4537948918622,133.97421457249516,49.46601785118368,0.05290569845019845,True,1.0,77.10953684200899,75.9248062162803,0.7710953684200899,0.759248062162803,1.0,5,True,0.0003777847325434928,0.9996540125239561,1.0
sin,400,10,cross_view,39.83886539980062,38.83886539980062,101.07027912145342,16.562082400141946,0.016719999649751027,True,1.0,44.24934847062035,42.30262138792531,0.4424934847062034,0.4230262138792531,0.6,0,False,0.0005382900019727365,0.999213645557604,1.0
sin,400,10,self_conditioned,38.31398012340678,37.31398012340678,101.14483805641014,16.63664133509866,0.01702996515480787,True,1.0,39.43957136226095,41.89786684963134,0.3943957136226095,0.41897866849631343,0.6,0,False,0.000678156637877716,0.9988808410285768,1.0
sin,400,10,full_observed,79.26009184620506,78.26009184620506,123.62894434115708,39.1207476198456,,,,,,,,,,,,,
sin,400,10,privileged_xprime_u,-1.9372325142291442,-2.9372325142291444,79.85461767595162,-4.653579045359862,,,,,,,,,,,,,
sin,400,11,x_only,102.74400538608833,101.74400538608833,130.4297488563739,45.92155213506241,0.053352417000561925,True,1.0,68.61303309544223,87.4660855621239,0.7623670343938026,0.7951462323829446,1.0,3,True,0.0004132284006573253,0.999609454752913,1.0
sin,400,11,cross_view,44.77198875389522,43.77198875389522,109.91536897418545,25.407172252873977,0.019059824605878486,True,1.0,35.30104533242435,50.41758815767524,0.39223383702693726,0.4583417105243203,0.6,0,False,0.0005193292434346908,0.999196597275572,1.0
sin,400,11,self_conditioned,38.70361642282386,37.70361642282386,101.94430628573588,17.4361095644244,0.019410351881225356,True,1.0,32.49976287222848,49.9556775101197,0.3611084763580942,0.45414252281927,0.6,0,False,0.0005664868471755,0.9990605159729631,1.0
sin,400,11,full_observed,75.68794190514947,74.68794190514947,122.1120254059078,37.60382868459632,,,,,,,,,,,,,
sin,400,11,privileged_xprime_u,2.5762387752976874,1.5762387752976874,76.75698703764868,-7.751209683662793,,,,,,,,,,,,,
sin,400,12,x_only,118.30046530797324,117.30046530797324,141.12388137497013,56.61568465365865,0.05481028548759409,True,1.0,71.41670359022845,70.97128023022431,0.7070960751507767,0.7168816184871142,1.0,4,True,0.0003893594262042563,0.9995908181862792,1.0
sin,400,12,cross_view,53.11001184217886,52.11001184217886,115.54001221931875,31.031815498007276,0.014783229369591071,True,0.895,34.40686997694917,27.815764066547267,0.3406620789796947,0.28096731380350776,0.4,0,False,0.00046576577618754114,0.9993695357058057,0.0
sin,400,12,self_conditioned,48.967518379853175,47.967518379853175,111.92625663021612,27.418059908904638,0.02113423621271289,True,0.9824999999999999,33.70062972105766,36.89951388874195,0.3336696011985907,0.372722362512545,0.5,0,False,0.0006072802236970507,0.9992400249396018,1.0
sin,400,12,full_observed,83.14726413305505,82.14726413305505,127.60919075909005,43.10099403777858,,,,,,,,,,,,,
sin,400,12,privileged_xprime_u,-0.38828334775306744,-1.3882833477530674,81.35373699745857,-3.1544597238529093,,,,,,,,,,,,,
sin,400,13,x_only,107.72208732697626,106.72208732697626,135.6179285344683,51.10973181315681,0.054885108442976144,True,1.0,70.26210884343143,88.91282138135855,0.7681490464286103,0.8195968467286129,1.0,5,True,0.00042202825750548007,0.9996103742043193,1.0
sin,400,13,cross_view,40.46262095208038,39.46262095208038,100.56182071694985,16.053623995638375,0.0162620816955608,True,1.0,34.69661226317134,61.773128326420974,0.3790967152643948,0.5685359752963199,0.5,0,False,0.0004505751038774713,0.9990544921518228,0.5
sin,400,13,self_conditioned,36.87930976617051,35.87930976617051,101.02412322935085,16.51592650803937,0.02001366225938413,True,1.0,35.16557957849571,51.70894862458442,0.3841770656261665,0.4763588879533108,0.6,0,False,0.0004828527655462637,0.9990741278331141,0.5
sin,400,13,full_observed,80.75583599555763,79.75583599555763,127.22422432812292,42.71602760681144,,,,,,,,,,,,,
sin,400,13,privileged_xprime_u,0.8300203659230189,-0.16997963407698113,82.50515001859463,-2.003046702716844,,,,,,,,,,,,,
sin,400,14,x_only,110.51311039219969,109.51311039219969,133.3816668115534,48.87347009024192,0.05922369677328229,True,1.0,76.3390007227275,62.353745459594265,0.7447698934658424,0.6389632816299948,1.0,3,True,0.0008748255157791299,0.9993413358645085,1.0
sin,400,14,cross_view,50.79163082241128,49.79163082241128,111.91122676796887,27.403030046657392,0.015591475098559678,True,1.0,41.54157565874925,37.697630532033806,0.4047778151014823,0.38633763520324793,0.6,0,False,0.0003996630791649414,0.9995666228106359,1.0
sin,400,14,self_conditioned,43.16868051408765,42.16868051408765,110.04879356182938,25.540596840517907,0.016860818541016693,True,1.0,44.496300853317344,32.69497336132032,0.43377332714930805,0.33512595604491713,0.5,0,False,0.0005771695382221848,0.9993437150918408,1.0
sin,400,14,full_observed,75.82688062510196,74.82688062510196,125.73077436905655,41.22257764774507,,,,,,,,,,,,,
sin,400,14,privileged_xprime_u,-0.3061998556628971,-1.306199855662897,83.11964078113571,-1.3885559401757632,,,,,,,,,,,,,
sin,400,15,x_only,134.89378415730513,133.89378415730513,155.63992406043843,71.13172733912695,0.06660624821721675,True,1.0,83.97778180799057,83.80338535741717,0.8314631862177284,0.8464988419941128,1.0,5,True,0.0005788186247499389,0.9994032592849866,1.0
sin,400,15,cross_view,56.36157398736188,55.36157398736188,112.83067269595391,28.32247597464243,0.01940358434900477,True,1.0,38.651303086147635,37.23209441402487,0.3826861691697785,0.37608176175782704,0.6,0,False,0.0004631849532764583,0.9992970612467755,0.5
sin,400,15,self_conditioned,48.074479253935294,47.074479253935294,106.28183237173849,21.77363565042701,0.020743043797797286,True,1.0,41.37862030312725,36.37934157276567,0.40968930993195296,0.3674680966946027,0.5,0,False,0.0005904684398515,0.999106211665951,0.5
sin,400,15,full_observed,90.17866658158302,89.17866658158302,128.6757364739815,44.16753975267001,,,,,,,,,,,,,
sin,400,15,privileged_xprime_u,0.45999501261970144,-0.5400049873802986,83.63444553368824,-0.8737511876232418,,,,,,,,,,,,,
sin,400,16,x_only,114.27646756009649,113.27646756009649,145.59615415356112,61.08795743224964,0.047901063246689406,True,1.0,76.99868463392278,72.10541188628002,0.7699868463392278,0.7210541188628001,1.0,4,True,0.00038121047513747157,0.9995705894229617,1.0
sin,400,16,cross_view,44.52447549655633,43.52447549655633,108.30347941224504,23.79528269093356,0.01412752410060156,True,0.975,33.72786474218529,49.13010001176793,0.33727864742185293,0.4913010001176793,0.4,0,False,0.0005675450049500414,0.9993312766262441,0.0
sin,400,16,self_conditioned,37.886856643149244,36.886856643149244,107.59026123683151,23.08206451552003,0.015717589994389568,True,0.99,33.798864357362625,31.97314939948241,0.33798864357362624,0.3197314939948241,0.5,0,False,0.0005383501092408597,0.9992155255890586,0.0
sin,400,16,full_observed,80.17722004653298,79.17722004653298,128.44916578893302,43.94096906762154,,,,,,,,,,,,,
sin,400,16,privileged_xprime_u,-0.6008409853705073,-1.6008409853705072,84.86120265483073,0.35300593351925613,,,,,,,,,,,,,
sin,400,17,x_only,111.14085308476056,110.14085308476056,140.78822482746986,56.28002810615838,0.053764576219225764,True,1.0,67.12191083118104,78.42505106366596,0.7099108912807838,0.7431069407996602,1.0,4,True,0.0005628236979639427,0.9995069582804156,1.0
sin,400,17,cross_view,49.000463080291574,48.000463080291574,106.42866990788653,21.92047318657505,0.022762679743228258,True,1.0,38.84568113918904,43.2093969819135,0.41048308034068814,0.4094145992467684,0.5,0,False,0.0004400813800523059,0.9992718440137708,0.5
sin,400,17,self_conditioned,40.631824705561506,39.631824705561506,102.10473603460947,17.596539313297995,0.023616470646905856,True,0.957286432160804,31.06725542416597,36.74900722986854,0.3281492610058214,0.3481772972466729,0.5,0,False,0.0007586215203544546,0.998950018518148,0.5
sin,400,17,full_observed,80.57502315442302,79.57502315442302,129.10240884734932,44.594212126037846,,,,,,,,,,,,,
sin,400,17,privileged_xprime_u,-3.2029120167615814,-4.202912016761582,82.0237308656405,-2.484465855670976,,,,,,,,,,,,,
sin,400,18,x_only,103.56941312408624,102.56941312408624,134.92767301908782,50.41947629777634,0.060968421932711424,True,1.0,72.86055565078695,75.69823535880663,0.7628556088808718,0.724047357191479,1.0,5,True,0.0005023070791189383,0.999572851190446,1.0
sin,400,18,cross_view,45.14084485302678,44.14084485302678,102.82660403950908,18.3184073181976,0.015867871421489578,True,0.9253731343283582,32.89547104909838,59.899302269003755,0.34463855262448795,0.5729748492524978,0.30000000000000004,0,False,0.0005617500698220585,0.9991873514807209,0.5
sin,400,18,self_conditioned,29.042225685990424,28.042225685990424,94.4955741096115,9.987377388300018,0.021945501549749634,True,0.9399234980874522,30.412945906559486,44.28618347779948,0.3182045468733453,0.4237052547450029,0.6,0,False,0.0006222817240833839,0.9989154518661445,1.0
sin,400,18,full_observed,80.33414418190168,79.33414418190168,124.77830585052689,40.27010912921541,,,,,,,,,,,,,
sin,400,18,privileged_xprime_u,-0.8663204088059814,-1.8663204088059815,80.48780275763256,-4.020393963678913,,,,,,,,,,,,,
sin,400,19,x_only,116.07358845882902,115.07358845882902,154.6592355518951,70.15103883058363,0.05502933705443899,True,1.0,72.15175620980335,76.86506948698201,0.7396811931097752,0.7498174506616722,1.0,4,True,0.00031299206779046237,0.9995893023947252,1.0
sin,400,19,cross_view,36.910238783094975,35.910238783094975,104.8766084276514,20.368411706339927,0.0185567839161352,True,0.9170854271356783,35.395467113124624,37.31209497854292,0.3630743290831788,0.3640185810909062,0.5,0,False,0.0005036940068550799,0.9993974478088854,1.0
sin,400,19,self_conditioned,32.94765474904466,31.94765474904466,101.54702699881703,17.038830277505554,0.017998574628220583,True,1.0,38.58256164265127,38.360709184906625,0.395957241760657,0.3742627108422555,0.6,0,False,0.0005714422757734392,0.9994162505151994,1.0
sin,400,19,full_observed,76.7309841106919,75.7309841106919,125.03974328274569,40.53154656143421,,,,,,,,,,,,,
sin,400,19,privileged_xprime_u,0.11116103613846913,-0.8888389638615308,86.3668265445792,1.8586298232677194,,,,,,,,,,,,,
sin,1200,0,x_only,121.88757373357696,120.88757373357696,149.801989617001,65.29379289568952,0.042927711051173656,True,1.0,196.94599288147435,188.99251592732384,0.661902504852367,0.6247366425908322,1.0,8,True,0.0013833380231763985,0.9984235950707979,1.0
sin,1200,0,cross_view,39.753180431585825,38.753180431585825,100.49325560455725,15.98505888324577,0.0086258338449323,True,0.2926744240956225,78.99644757908291,53.892087408708534,0.2655372521487195,0.1781159542387712,0.5,0,False,0.0002961931515659947,0.9996684516984107,1.0
sin,1200,0,self_conditioned,35.38083707722436,34.38083707722436,101.04893487196702,16.540738150655542,0.008894402092722945,True,0.491011086141906,67.45548985700609,59.607975175311296,0.22682596302749214,0.19696381506217497,0.6,0,False,0.0004147421998806711,0.999631186290104,1.0
sin,1200,0,full_observed,76.14195492822749,75.14195492822749,121.84792982077245,37.33973309946097,,,,,,,,,,,,,
sin,1200,0,privileged_xprime_u,1.5286826343869138,0.5286826343869138,85.55020566039786,1.0420089390863865,,,,,,,,,,,,,
sin,1200,1,x_only,116.54624704252386,115.54624704252386,137.3544225197249,52.846225798413414,0.0436469144286718,True,0.9633333333333334,176.05082338635225,144.46307173297936,0.5829497463124247,0.48477540849993067,1.0,6,True,0.000932143268709276,0.9987333073958629,1.0
sin,1200,1,cross_view,41.779535846320904,40.779535846320904,107.65604237701477,23.147845655703293,0.010191070115270538,True,0.39999999999999997,88.21774316753303,48.26607697528983,0.2921117323428246,0.16196670125936183,0.6,0,False,0.0003373704031434189,0.9996183622208649,1.0
sin,1200,1,self_conditioned,36.14099722477981,35.14099722477981,106.50923973330745,22.001043011995975,0.009830690871133526,True,0.41500000000000004,71.314142149578,62.55725747463127,0.23613954354164904,0.20992368280077606,0.5,0,False,0.0003693493492226064,0.9995587366146902,1.0
sin,1200,1,full_observed,67.86343759354429,66.86343759354429,120.31071445396408,35.8025177326526,,,,,,,,,,,,,
sin,1200,1,privileged_xprime_u,1.2321508972480495,0.2321508972480495,83.76153404700186,-0.7466626743096185,,,,,,,,,,,,,
sin,1200,2,x_only,118.18049299165138,117.18049299165138,143.44068993127942,58.932493209967944,0.054869327130539935,True,1.0,210.33304947451407,189.91642060353632,0.6884544376697541,0.6448815680553919,1.0,8,True,0.0015499124467068,0.9979124230432297,1.0
sin,1200,2,cross_view,37.696119875409,36.696119875409,105.9318529411724,21.423656219860916,0.012271088236502331,True,0.5440251222920064,87.55400770068044,84.27169848529894,0.28659880083481937,0.28620590646508093,0.6,0,False,0.00031409612279463127,0.9996231728177198,1.0
sin,1200,2,self_conditioned,34.619559294969115,33.619559294969115,105.77748367669136,21.269286955379883,0.010133730690191533,True,0.5282125783682733,94.86736274698596,59.328596090854795,0.3105341216193848,0.20141605639398866,0.6,0,False,0.00047949704594138444,0.9994408431634791,1.0
sin,1200,2,full_observed,80.07807694798508,79.07807694798508,125.9349569872123,41.426760265900825,,,,,,,,,,,,,
sin,1200,2,privileged_xprime_u,0.42513137407280743,-0.5748686259271926,85.20769533038896,0.6994986090774802,,,,,,,,,,,,,
sin,1200,3,x_only,120.78286552510491,119.78286552510491,141.4915325191518,56.983335797840326,0.03824345555647374,True,1.0,175.2082844393974,174.64163096277247,0.6093849623618797,0.5588321557875984,1.0,4,True,0.0014735473408994254,0.9978625713995146,1.0
sin,1200,3,cross_view,35.59631312224645,34.59631312224645,95.86804825559683,11.359851534285355,0.00884057068426892,True,0.42137339270386864,70.8609156690107,69.0978888065881,0.24645673193383638,0.22114832136014306,0.6,0,False,0.00043118673603102456,0.9994615041391179,1.0
sin,1200,3,self_conditioned,34.88143100192255,33.88143100192255,97.35247665029678,12.844279928985301,0.00799560856836421,True,0.4655721265892405,72.93532756479054,74.6149191083135,0.25370660244618437,0.23872624202193404,0.6,0,False,0.0003887384754518816,0.9994580821038527,1.0
sin,1200,3,full_observed,78.38583456446104,77.38583456446104,125.06654361781199,40.55834689650051,,,,,,,,,,,,,
sin,1200,3,privileged_xprime_u,0.48421782271778824,-0.5157821772822118,82.5306637058066,-1.977533015504875,,,,,,,,,,,,,
sin,1200,4,x_only,112.5134120669749,111.5134120669749,142.32182466853754,57.81362794722607,0.0420776616230155,True,1.0,183.4045383198358,200.35745807953953,0.6357543187352702,0.6431948094045802,1.0,3,True,0.001431790214484812,0.9980110397543446,1.0
sin,1200,4,cross_view,37.061643185649785,36.061643185649785,100.17791282285964,15.669716101548161,0.008334061232213343,True,0.5332042589007192,62.95929134103106,83.318857753402,0.21825867871309573,0.26747552458084006,0.6,0,False,0.00026783350884691494,0.999699519672592,1.0
sin,1200,4,self_conditioned,36.18300360989294,35.18300360989294,95.15484506638477,10.646648345073288,0.008532067608797635,True,0.6308559190442196,56.31364593392149,82.65386992786713,0.19523352254348106,0.26533275370168063,0.6,0,False,0.00038516003403259863,0.9994747824744123,1.0
sin,1200,4,full_observed,75.97788826167982,74.97788826167982,122.02767347707692,37.51947675576544,,,,,,,,,,,,,
sin,1200,4,privileged_xprime_u,1.1634524684679926,0.16345246846799255,83.02586476054678,-1.4823319607646965,,,,,,,,,,,,,
sin,1200,5,x_only,118.6229309745082,117.6229309745082,144.41259388528673,59.90439716397525,0.03999749330753436,True,1.0,186.0243093818642,168.05121668498094,0.6252423788394759,0.5555871828296126,1.0,5,True,0.0011456285508860372,0.9985553605618134,1.0
sin,1200,5,cross_view,45.625632129901305,44.625632129901305,107.6978705311753,23.18967380986382,0.010840817876647198,True,0.5899377498270828,51.593079217121755,61.70128581979692,0.17329754761656202,0.20381657769252445,0.6,0,False,0.00029686085196874303,0.9996925384539691,1.0
sin,1200,5,self_conditioned,35.655859979648476,34.655859979648476,99.27996504582664,14.771768324515165,0.009830828296253372,True,0.5151042086228017,60.841459512769504,56.06867778201322,0.20442940310339813,0.18528533794950008,0.6,0,False,0.0003829209031659948,0.9995397264474667,1.0
sin,1200,5,full_observed,78.34492526396808,77.34492526396808,125.85028711906784,41.342090397756365,,,,,,,,,,,,,
sin,1200,5,privileged_xprime_u,0.9163559356159536,-0.08364406438404637,83.73888635811564,-0.7693103631958422,,,,,,,,,,,,,
sin,1200,6,x_only,111.15053113339248,110.15053113339248,138.12646241632126,53.61826569500978,0.0357859980428504,True,1.0,144.19752913745197,155.85994949704562,0.4703509472608442,0.5310644003530636,1.0,10,True,0.0024349074632866257,0.997480336296068,1.0
sin,1200,6,cross_view,33.03762340079728,32.03762340079728,98.56688197043948,14.058685249128004,0.009352505600475704,True,0.5265236847880133,78.2442517948954,57.80627085248598,0.2552328964067339,0.19700154052152646,0.6,0,False,0.000414382862887346,0.9995712735696615,1.0
sin,1200,6,self_conditioned,25.745615812809515,24.745615812809515,93.84412547883473,9.335928757523249,0.009736120790308823,True,0.6108225300625836,80.33396385200118,65.58745821992633,0.26205404305098917,0.22351496052310899,0.6,0,False,0.0005526806660636426,0.9994307265346157,1.0
sin,1200,6,full_observed,70.00382235673868,69.00382235673868,120.35733145976747,35.84913473845599,,,,,,,,,,,,,
sin,1200,6,privileged_xprime_u,0.7821278647101565,-0.2178721352898435,86.27908341629734,1.7708866949858617,,,,,,,,,,,,,
sin,1200,7,x_only,106.14083273245873,105.14083273245873,136.82931562307712,52.321118901765644,0.043423378019903536,True,1.0,191.8192763197964,163.7389581801312,0.6207743570219948,0.5626768322341278,1.0,8,True,0.001532722968607508,0.9987616571234791,1.0
sin,1200,7,cross_view,40.086608587094176,39.086608587094176,110.04171177618541,25.53351505487393,0.009368228301529606,True,0.5066666666666667,74.65526903530098,52.47843015132045,0.24160281241197726,0.180338247942682,0.6,0,False,0.00029697805864604694,0.999694922499105,1.0
sin,1200,7,self_conditioned,31.142732412209703,30.142732412209703,101.49541142192456,16.98721470061308,0.00956644097042482,True,0.5166666666666666,86.32315893479915,62.54253204924128,0.2793629738990263,0.2149227905472209,0.6,0,False,0.0003851581224355045,0.9995334089480694,1.0
sin,1200,7,full_observed,71.93777725978548,70.93777725978548,122.91062553998161,38.40242881867013,,,,,,,,,,,,,
sin,1200,7,privileged_xprime_u,0.9641681680087528,-0.035831831991247176,86.51723883551867,2.0090421142071904,,,,,,,,,,,,,
sin,1200,8,x_only,108.64375023820813,107.64375023820813,142.7082786544456,58.200081933134115,0.04428952620300682,True,1.0,188.11155655356845,204.47956607582648,0.6366272961483417,0.6715280303898585,1.0,8,True,0.001340952232374249,0.9975848147200698,1.0
sin,1200,8,cross_view,41.8739429028142,40.8739429028142,102.32494206188804,17.81674534057656,0.006481923680386019,True,0.3958358217661716,70.32081899310322,54.561900153911125,0.2379734303882774,0.17915523211798956,0.6,0,False,0.0003370643089249353,0.9996502692654892,1.0
sin,1200,8,self_conditioned,38.967672362653886,37.967672362653886,102.2809518682219,17.772755146910427,0.006360509813994356,True,0.40248584023844514,70.9446962588564,54.267007267916455,0.24008742084412213,0.17816437078782843,0.6,0,False,0.00037882580000959953,0.9994969522438988,1.0
sin,1200,8,full_observed,76.30675664705129,75.30675664705129,123.9859273706736,39.477730649362115,,,,,,,,,,,,,
sin,1200,8,privileged_xprime_u,0.3612531931607913,-0.6387468068392087,84.2845167976454,-0.2236799236660829,,,,,,,,,,,,,
sin,1200,9,x_only,109.94792729823862,108.94792729823862,136.46503143418812,51.95683471287664,0.0415274428833625,True,1.0,177.19831641373509,181.98810796328468,0.6047724109683791,0.5927951399455527,1.0,7,True,0.0034638291415121304,0.9968072441974644,1.0
sin,1200,9,cross_view,43.35999977999143,42.35999977999143,104.37254787470467,19.864351153393187,0.011289273631726788,True,0.49083333333333334,68.36870641693682,62.854603347417346,0.23334029493835096,0.20473812165282523,0.6,0,False,0.00033160480025787515,0.9995661024044468,1.0
sin,1200,9,self_conditioned,34.730042086146916,33.730042086146916,100.35942827784777,15.851231556536291,0.010371581981509309,True,0.49416666666666664,68.6002721292663,67.55938974343354,0.23413062160159148,0.2200631587733992,0.6,0,False,0.0005201435781760685,0.9992512654980378,1.0
sin,1200,9,full_observed,78.70233996418125,77.70233996418125,122.00604424197623,37.49784752066475,,,,,,,,,,,,,
sin,1200,9,privileged_xprime_u,0.20684800111527324,-0.7931519988847268,80.5442111148366,-3.9639856064748784,,,,,,,,,,,,,
sin,1200,10,x_only,103.92267488615136,102.92267488615136,138.46715026969278,53.9589535483813,0.04400472066421754,True,1.0,169.18401068409872,167.54309514226094,0.5648499414251159,0.5575397910443914,1.0,4,True,0.002668786748640342,0.9984554908450725,1.0
sin,1200,10,cross_view,40.45604668123262,39.45604668123262,103.05856800730498,18.550371285993506,0.009711050519834593,True,0.38161217114491985,80.69040904845963,54.573226948628275,0.26940235697414444,0.18164711939887662,0.5,0,False,0.00048054513252824465,0.9994967403571068,1.0
sin,1200,10,self_conditioned,36.8092866597064,35.8092866597064,98.22749175495764,13.719295033646162,0.01055611257436517,True,0.21163114341984282,81.80698702999754,59.816098913132656,0.2731543220628305,0.1991226838539525,0.4,0,False,0.0004571294527624506,0.9995751895379115,1.0
sin,1200,10,full_observed,73.98933831069003,72.98933831069003,121.91823955597523,37.410042834663756,,,,,,,,,,,,,
sin,1200,10,privileged_xprime_u,0.05883891809855869,-0.9411610819014413,83.98123830113927,-0.5269584201722068,,,,,,,,,,,,,
sin,1200,11,x_only,114.35585192985813,113.35585192985813,143.87523077232962,59.36703405101814,0.035346956740392343,True,1.0,184.0251829790277,162.05964555309612,0.6175341710705627,0.5366213428910468,1.0,8,True,0.002777103502923936,0.997659562810977,1.0
sin,1200,11,cross_view,43.126012255949824,42.126012255949824,101.77001612819608,17.261819406884598,0.009127080758483322,True,0.4125,77.1567934103164,62.599969460152494,0.25891541412857855,0.20728466708659765,0.6,0,False,0.0002874660884418906,0.9996200300618634,1.0
sin,1200,11,self_conditioned,36.06748687049703,35.06748687049703,98.32174754407836,13.813550822766885,0.008767967290474086,True,0.42833333333333334,66.86523546241018,64.10100968249469,0.22437998477318855,0.2122549989486579,0.6,0,False,0.0003581543366805223,0.9995806928287734,1.0
sin,1200,11,full_observed,78.1505008729413,77.1505008729413,124.92692356347717,40.4187268421657,,,,,,,,,,,,,
sin,1200,11,privileged_xprime_u,2.1652164407271677,1.1652164407271677,85.03692091751098,0.5287241961995051,,,,,,,,,,,,,
sin,1200,12,x_only,125.82075417344012,124.82075417344012,150.1058077181342,65.59761099682272,0.03863583325532585,True,1.0,200.69301482923606,152.93189940446368,0.6505778660300965,0.5246688756431065,1.0,7,True,0.00282349999049478,0.9976017743043971,1.0
sin,1200,12,cross_view,41.55852494861702,40.55852494861702,103.31272464840934,18.804527927097865,0.007356278101274221,True,0.27234103428065076,76.93562245666163,61.08833574092668,0.24939610909680066,0.20958996471361763,0.4,0,False,0.0005122683631479332,0.9994647173769566,1.0
sin,1200,12,self_conditioned,31.17743574216934,30.17743574216934,96.96344032237195,12.455243601060474,0.008931539629436401,True,0.32145644849013466,85.08411787833572,62.47311431198868,0.275801658029979,0.21434357570492946,0.5,0,False,0.0004965542240009122,0.9995292909681367,1.0
sin,1200,12,full_observed,77.41597958662072,76.41597958662072,123.83131064611817,39.32311392480669,,,,,,,,,,,,,
sin,1200,12,privileged_xprime_u,0.8235860775217033,-0.17641392247829668,86.95982419453102,2.4516274732195455,,,,,,,,,,,,,
sin,1200,13,x_only,116.07412054166508,115.07412054166508,138.77513682796595,54.266940106654474,0.041207987061781096,True,1.0,194.40886508359824,182.66135586459455,0.6480295502786608,0.6088711862153151,1.0,8,True,0.0020496208359690672,0.9970308119194026,1.0
sin,1200,13,cross_view,39.185919910796144,38.185919910796144,100.383856676798,15.875659955486526,0.01016805002106962,True,0.5983333333333334,79.32896492235845,66.66787087905847,0.2644298830745282,0.22222623626352822,0.6,0,False,0.000502978798069869,0.9995761485511161,1.0
sin,1200,13,self_conditioned,32.214409035341944,31.214409035341944,97.72331157007658,13.215114848765097,0.008690241279930375,True,0.5866666666666667,88.64968777943659,55.55491245062062,0.29549895926478864,0.1851830415020687,0.6,0,False,0.0003583973237894045,0.999637227819425,1.0
sin,1200,13,full_observed,76.25129752846486,75.25129752846486,122.62278660063885,38.11458987932737,,,,,,,,,,,,,
sin,1200,13,privileged_xprime_u,0.9524973931246082,-0.04750260687539176,83.52002855666602,-0.9881681646454581,,,,,,,,,,,,,
sin,1200,14,x_only,119.59961928534557,118.59961928534557,142.6111250750073,58.102928353695816,0.048307725172663185,True,1.0,159.87210847673938,227.52348579452445,0.5802557584630957,0.7010749801569837,1.0,10,True,0.0011754946180940677,0.9982462303121731,1.0
sin,1200,14,cross_view,40.553481486034165,39.553481486034165,99.66216410158395,15.153967380272476,0.010038869573940954,True,0.5209195025541737,71.82908873988404,87.74686366501317,0.2606791829440701,0.27048676930338583,0.5,0,False,0.00027722731758443125,0.9996809751600776,1.0
sin,1200,14,self_conditioned,38.009040636355756,37.009040636355756,99.93932120020942,15.431124478897942,0.00932069092912632,True,0.39282470229083966,62.424910578870524,76.71685002740335,0.22657765274230274,0.2364583452772454,0.5,0,False,0.00044561815593350043,0.9994067614420817,1.0
sin,1200,14,full_observed,82.7504147191495,81.7504147191495,127.17876834716478,42.6705716258533,,,,,,,,,,,,,
sin,1200,14,privileged_xprime_u,0.3068246484554539,-0.6931753515445461,80.12613677246975,-4.382059948841729,,,,,,,,,,,,,
sin,1200,15,x_only,117.73876259472333,116.73876259472333,137.53147323286683,53.02327651155535,0.04494077133905004,True,1.0,181.96638341676288,181.470468996848,0.615777895362557,0.5959679094337689,1.0,8,True,0.0015852806622825193,0.998841015288784,1.0
sin,1200,15,cross_view,41.10169361630677,40.10169361630677,101.80874463496023,17.300547913648757,0.009090752530223413,True,0.4470776307711966,79.92222186608817,58.84501264857728,0.2703025728190455,0.1932634803593234,0.5,0,False,0.0003088282794916293,0.9995992067125008,1.0
sin,1200,15,self_conditioned,32.35451816732788,31.354518167327882,98.575532891298,14.067336169986518,0.009105409617858641,True,0.39625387848299576,82.10183862012953,73.20684764238916,0.27775775546038195,0.2403217417804533,0.6,0,False,0.00038739445202619734,0.9994894304144218,1.0
sin,1200,15,full_observed,75.58306505309329,74.58306505309329,121.07479817151088,36.5666014501994,,,,,,,,,,,,,
sin,1200,15,privileged_xprime_u,0.8173829423978439,-0.18261705760215607,83.96191450534911,-0.5462822159623641,,,,,,,,,,,,,
sin,1200,16,x_only,117.94146252885163,116.94146252885163,144.55343042521088,60.0452337038994,0.044666573098810974,True,1.0,187.03520167323467,181.73690388702954,0.6437453354629932,0.5870971936640639,1.0,4,True,0.0007580893874137574,0.9992460717427722,1.0
sin,1200,16,cross_view,37.916698067766156,36.916698067766156,99.05073055286805,14.542533831556568,0.007446480048018197,True,0.19159219886721907,56.46558064281802,66.18188552016002,0.19435599023509068,0.21395075185677404,0.6,0,False,0.00037784396323882594,0.9996000560265419,1.0
sin,1200,16,self_conditioned,34.523684989184666,33.523684989184666,97.88076363077037,13.372566909458897,0.00678791356100532,True,0.17498381939949834,54.83223481175149,71.1490020116363,0.18873438655317654,0.22993828433038355,0.6,0,False,0.0003698971790323742,0.9996349925600214,1.0
sin,1200,16,full_observed,82.55083296594256,81.55083296594256,126.57214761971635,42.06395089840487,,,,,,,,,,,,,
sin,1200,16,privileged_xprime_u,1.1262773551845067,0.12627735518450667,82.44672642010404,-2.061470301207436,,,,,,,,,,,,,
sin,1200,17,x_only,124.56457210697991,123.56457210697991,151.02163004004387,66.5134333187324,0.04088696946585958,True,1.0,187.38131832366702,200.4345545052551,0.6517549691847483,0.6413868591844896,1.0,10,True,0.0014368478329504486,0.9988167675646671,1.0
sin,1200,17,cross_view,41.78986081887066,40.78986081887066,103.10410437174484,18.59590765043336,0.00865845950645425,True,0.3147564298789719,73.44749763883333,68.85210965051232,0.2554763466525763,0.22031955690452548,0.5,0,False,0.00034741528218230807,0.9995220558609463,1.0
sin,1200,17,self_conditioned,27.121423283626054,26.121423283626054,97.0419183945357,12.533721673224221,0.008562837990391113,True,0.4232817313381426,67.59906796232802,72.89970867426997,0.23505312293229513,0.23326649838670427,0.5,0,False,0.0002944006662836445,0.9995833380359461,1.0
sin,1200,17,full_observed,76.4604095063035,75.4604095063035,125.31686621614766,40.80866949483618,,,,,,,,,,,,,
sin,1200,17,privileged_xprime_u,-0.128063771732546,-1.128063771732546,83.84253630072482,-0.6656604205866614,,,,,,,,,,,,,
sin,1200,18,x_only,115.48787362154758,114.48787362154758,143.63991667522404,59.131719953912565,0.04060582689008889,True,1.0,177.0436561385983,167.08351878029995,0.5921192512996598,0.5550947467784052,1.0,8,True,0.0012136462435758315,0.9980656434999401,1.0
sin,1200,18,cross_view,41.690127362273145,40.690127362273145,110.19479111499692,25.68659439368544,0.01021774908580789,True,0.49416666666666664,68.67779257570074,73.15192961424097,0.22969161396555426,0.24302966649249494,0.6,0,False,0.0002551116418809404,0.9996220402712311,1.0
sin,1200,18,self_conditioned,34.29559345723782,33.29559345723782,101.41265310301456,16.904456381703085,0.009553957173662395,True,0.505,57.98317257136438,76.31893865084223,0.1939236540848307,0.2535512911988114,0.5,0,False,0.00041666334356545604,0.9994047510798661,1.0
sin,1200,18,full_observed,77.56638397159456,76.56638397159456,124.62939622973238,40.1211995084209,,,,,,,,,,,,,
sin,1200,18,privileged_xprime_u,2.032153083780782,1.032153083780782,84.489370368783,-0.018826352528478196,,,,,,,,,,,,,
sin,1200,19,x_only,127.90039066801488,126.90039066801488,149.32830273962156,64.82010601831009,0.04170503272197369,True,1.0,190.08317524143226,182.9914326125492,0.6476311691265773,0.5969871123809549,1.0,11,True,0.0013408428339711292,0.9984640648137647,1.0
sin,1200,19,cross_view,47.97784549348607,46.97784549348607,108.10718106251741,23.598984341205934,0.009592110801650615,True,0.13747954855430156,61.7938357406477,54.68367564393243,0.2104818054531808,0.17839137373607394,0.6,0,False,0.00035613403696936667,0.99959029408359,1.0
sin,1200,19,self_conditioned,36.97711223367082,35.97711223367082,103.96024895959245,19.45205223828097,0.008881253072353566,True,0.1791324420345612,71.91565876890539,60.8894082521144,0.24496555291976663,0.19867155021907767,0.6,0,False,0.0004409123178824151,0.9993749050538616,1.0
sin,1200,19,full_observed,82.27448265112314,81.27448265112314,127.06436039068751,42.55616366937603,,,,,,,,,,,,,
sin,1200,19,privileged_xprime_u,1.665779965094648,0.6657799650946481,84.05957371141618,-0.44862300989530013,,,,,,,,,,,,,
cube,400,0,x_only,110.81322045758448,109.81322045758448,144.94820153873295,60.44000481742147,0.07052597995253523,True,1.0,81.52325855453401,95.65236839952672,0.9006531784183041,0.8731469657634088,1.0,9,True,0.0004197580156452563,0.999685681994349,1.0
cube,400,0,cross_view,41.310696577883775,40.310696577883775,96.69666387213184,12.188467150820358,0.019165968013159007,True,0.8880597014925373,36.22764539932509,25.935844358043305,0.400699157817912,0.23710881685582214,0.6,0,False,0.00046187714163387094,0.999759106226559,1.0
cube,400,0,self_conditioned,37.16175569944391,36.16175569944391,93.23961135991483,8.731414638603354,0.015970506224806134,True,0.8930348258706468,34.76455470859395,32.19436132334765,0.38425215031588017,0.2945076694923618,0.5,0,False,0.0010408567230665068,0.9995508078297709,1.0
cube,400,0,full_observed,37.07117675639577,36.07117675639577,99.34156588039265,14.833369159081172,,,,,,,,,,,,,
cube,400,0,privileged_xprime_u,2.333697456713926,1.3336974567139261,81.82549490742389,-2.68270181388759,,,,,,,,,,,,,
cube,400,1,x_only,101.51016550331165,100.51016550331165,129.79215011670948,45.283953395398,0.0685267941270488,True,1.0,83.27603331353674,76.90285113490094,0.7931050791765405,0.8095036961568519,1.0,5,True,0.0003249606921164931,0.9998187929562796,1.0
cube,400,1,cross_view,41.95797125948693,40.95797125948693,99.91237027561132,15.404173554299845,0.021820983298530175,True,0.9299999999999999,49.75380941004586,39.82245794184618,0.47384580390519865,0.4191837678089072,0.6000000000000001,0,False,0.000520242074464264,0.99975977869602,1.0
cube,400,1,self_conditioned,39.16958965226938,38.16958965226938,99.77085292782857,15.262656206517093,0.02099570225436209,True,0.8175,52.20848809817784,37.92662163565586,0.49722369617312223,0.3992275961647985,0.6000000000000001,0,False,0.0007291786653501434,0.999624823234076,1.0
cube,400,1,full_observed,32.02200528167047,31.022005281670467,99.86559938093842,15.357402659626942,,,,,,,,,,,,,
cube,400,1,privileged_xprime_u,-2.5124367118212243,-3.5124367118212243,84.93874866995209,0.43055194864061264,,,,,,,,,,,,,
cube,400,2,x_only,120.11107710033164,119.11107710033164,149.66618356412516,65.15798684281368,0.05932796409479764,True,1.0,80.06047908821742,82.50271832638055,0.8339633238355981,0.7932953685228898,1.0,8,True,0.0002800687602144843,0.9996850137642728,1.0
cube,400,2,cross_view,51.612748155638926,50.612748155638926,106.75365594087933,22.24545921956785,0.020431435591475578,True,1.0,40.9333118703895,39.66976191037614,0.4263886653165573,0.3814400183690014,0.7,0,False,0.0006441049905971776,0.9997396784163664,0.5
cube,400,2,self_conditioned,44.25630789137865,43.25630789137865,102.40444332088705,17.896246599575576,0.025770395366075373,True,1.0,43.08492542136234,41.42872755657075,0.44880130647252436,0.3983531495824111,0.7,0,False,0.0010633887098539456,0.9995374042395627,0.5
cube,400,2,full_observed,44.59688047612616,43.59688047612616,104.34903380899101,19.84083708767953,,,,,,,,,,,,,
cube,400,2,privileged_xprime_u,1.9580229785184964,0.9580229785184964,84.64295378287348,0.13475706156199863,,,,,,,,,,,,,
cube,400,3,x_only,119.71546638852807,118.71546638852807,140.2222455321622,55.71404881085071,0.06921437539939782,True,1.0,87.0500236683931,75.16343065181601,0.8290478444608866,0.7911940068612212,1.0,6,True,0.00028056689761268627,0.9996696597790526,1.0
cube,400,3,cross_view,55.509961611540696,54.509961611540696,102.81761367384777,18.309416952536296,0.017126930503368998,True,0.6950000000000001,48.82972497198814,36.00773687704764,0.46504499973322044,0.37902880923208043,0.4,0,False,0.0005817275100516724,0.9996941097203715,0.5
cube,400,3,self_conditioned,47.10935113373045,46.10935113373045,103.05765428635945,18.549457565047973,0.0178432443680169,True,0.6925,48.82978827461429,40.850215126869294,0.4650456026153742,0.430002264493361,0.30000000000000004,0,False,0.0007904539635713979,0.99958375748765,1.0
cube,400,3,full_observed,51.780825221900315,50.780825221900315,109.30457740616156,24.796380684850078,,,,,,,,,,,,,
cube,400,3,privileged_xprime_u,3.029604953207416,2.029604953207416,84.5863762170481,0.0781794957366202,,,,,,,,,,,,,
cube,400,4,x_only,114.97440307353868,113.97440307353868,141.07023620920086,56.56203948788938,0.053138947773266915,True,1.0,93.4871050507293,75.02536576443424,0.8539711489205263,0.8290815532033993,1.0,5,True,0.0003186681330119799,0.9997492150223024,1.0
cube,400,4,cross_view,52.80917189815552,51.80917189815552,102.58554026605088,18.077343544739406,0.019111952260446177,True,0.8894472361809045,57.818112677819826,27.686739674963718,0.5276124010017575,0.3060851608927181,0.5,0,False,0.00038951333461951794,0.9997216978084343,0.5
cube,400,4,self_conditioned,51.1565179667884,50.1565179667884,101.34472282662675,16.836526105315272,0.018287975494665692,True,0.8208955223880596,48.492691152343326,43.605424264460034,0.44275318652061435,0.4817392663739447,0.4,0,False,0.0004659698008961718,0.9997051649197408,1.0
cube,400,4,full_observed,32.80556320527102,31.80556320527102,102.94607093797157,18.43787421666009,,,,,,,,,,,,,
cube,400,4,privileged_xprime_u,3.417249167589302,2.417249167589302,89.77324959510428,5.265052873792797,,,,,,,,,,,,,
cube,400,5,x_only,98.04572484308332,97.04572484308332,134.49428583253433,49.98608911122285,0.05948305950383194,True,1.0,94.34032542484795,79.75051653474497,0.907118513700461,0.8307345472369267,1.0,7,True,0.0005733495099680452,0.9995429999921475,1.0
cube,400,5,cross_view,57.696945724659365,56.696945724659365,117.69237434767327,33.18417762636179,0.02216772858275826,True,1.0,58.75748347716804,38.01460640631932,0.5649758026650773,0.39598548339915957,0.6,0,False,0.0003336607756378481,0.9998018496660362,1.0
cube,400,5,self_conditioned,51.63703842448647,50.63703842448647,112.50305040370918,27.994853682397704,0.020686189244259523,True,1.0,55.536063948004426,33.73256468632633,0.5340006148846579,0.3513808821492326,0.7,0,False,0.0005527505498558571,0.9996639650321043,1.0
cube,400,5,full_observed,38.76023632611204,37.76023632611204,108.50841023798544,24.000213516673966,,,,,,,,,,,,,
cube,400,5,privileged_xprime_u,3.801433646348033,2.801433646348033,90.15417634186944,5.645979620557966,,,,,,,,,,,,,
cube,400,6,x_only,92.68044362769314,91.68044362769314,128.28470460740317,43.77650788609169,0.07065522358037435,True,1.0,79.65084858306057,74.40201112963382,0.8169003612584809,0.7258378024305278,1.0,5,True,0.00020423616846026391,0.9997494133972779,1.0
cube,400,6,cross_view,40.87309780519431,39.87309780519431,96.85049861988878,12.342301898577304,0.018593893961843085,True,0.8869346733668342,34.61607843092835,31.248520304877577,0.3547540947729458,0.30432712418931274,0.5,0,False,0.0006604896601512611,0.9996756355401138,0.5
cube,400,6,self_conditioned,32.48375929589086,31.483759295890863,94.42316021847786,9.914963497166383,0.01988902557670956,True,0.8822845571139278,33.8348992512459,26.810079948801793,0.3465821702171654,0.2617903631064815,0.5,0,False,0.0007432556005789245,0.9996355100309529,1.0
cube,400,6,full_observed,34.115040953584014,33.115040953584014,95.68998056551449,11.18178384420301,,,,,,,,,,,,,
cube,400,6,privileged_xprime_u,-1.9672839183647242,-2.967283918364724,78.21840883850446,-6.289787882807019,,,,,,,,,,,,,
cube,400,7,x_only,114.00708104873789,113.00708104873789,148.51124121739252,64.00304449608105,0.06260651461825162,True,1.0,76.08162174526424,92.79060082693032,0.8180819542501531,0.8672018768871992,1.0,5,True,0.0002744921813804384,0.9997773912720721,1.0
cube,400,7,cross_view,52.96991832895307,51.96991832895307,106.35570603434371,21.847509313032234,0.02304567167019067,True,1.0,39.66620811213285,43.63329641068536,0.4265183667971274,0.40778781692229316,0.6,0,False,0.0005855463220334439,0.9996340136401596,0.0
cube,400,7,self_conditioned,47.51252957383178,46.51252957383178,105.4856870165081,20.977490295196617,0.021440874396012145,True,1.0,37.911350849200915,43.61794899418562,0.40764893386237544,0.40764438312323004,0.6,0,False,0.0008472483987733558,0.9995379368681075,0.5
cube,400,7,full_observed,41.5266674084454,40.5266674084454,106.05239854928315,21.544201827971676,,,,,,,,,,,,,
cube,400,7,privileged_xprime_u,2.414991338652052,1.4149913386520518,84.09199513799653,-0.41620158331494395,,,,,,,,,,,,,
cube,400,8,x_only,122.16189759621892,121.16189759621892,144.72593617826115,60.21773945694967,0.0818824383137373,True,1.0,93.84683403059302,90.9552751149169,0.9337940566837689,0.9141410439845112,1.0,10,True,0.0001633061376347715,0.9998175805454277,1.0
cube,400,8,cross_view,40.25510226678741,39.25510226678741,98.65456197661544,14.146365255303962,0.02177307593176509,True,0.9203980099502487,52.57404134256434,36.967294358149,0.523125071111336,0.37173572831822255,0.6,0,False,0.0005117599710174023,0.9997263590981095,1.0
cube,400,8,self_conditioned,37.020397664538834,36.020397664538834,98.15241887097524,13.644222149663761,0.023729239434424572,True,0.8980099502487562,48.58393318533688,28.898900185928397,0.4834891955832302,0.290893461808173,0.6,0,False,0.0005635917849325508,0.9996595806444455,1.0
cube,400,8,full_observed,35.70318948184978,34.70318948184978,100.5378103262259,16.029613604914417,,,,,,,,,,,,,
cube,400,8,privileged_xprime_u,-0.33317460628862805,-1.333174606288628,84.91649078174385,0.40829406043236816,,,,,,,,,,,,,
cube,400,9,x_only,116.32477175006832,115.32477175006832,140.17466475640052,55.66646803508904,0.07543058469561495,True,1.0,84.99859796426897,90.35724633534508,0.8719506906248284,0.8816595972360699,1.0,7,True,0.0003247432958617675,0.9995285838348793,1.0
cube,400,9,cross_view,39.734055322967336,38.734055322967336,107.98833551413074,23.48013879281926,0.026728218917679694,True,1.0,40.54975839356241,44.73129437809257,0.41650474018050687,0.4366826031858626,0.7,1,False,0.000656405697572633,0.9996831721753058,0.5
cube,400,9,self_conditioned,40.55503456959874,39.55503456959874,103.75581978409392,19.247623062782438,0.027485130452023873,True,1.0,46.63794826794058,43.50009383941422,0.4788048145581256,0.424643992595894,0.6000000000000001,0,False,0.0008208601343862653,0.9996258633103571,1.0
cube,400,9,full_observed,39.871159062926345,38.871159062926345,107.45290352742632,22.944706806114837,,,,,,,,,,,,,
cube,400,9,privileged_xprime_u,4.094990825115314,3.094990825115314,85.04112529201626,0.5329285707047831,,,,,,,,,,,,,
cube,400,10,x_only,110.26357734750401,109.26357734750401,138.04427895828442,53.536082236972945,0.062476408055128316,True,1.0,85.65487028104444,81.74721871381479,0.8565487028104444,0.8174721871381478,1.0,6,True,0.000324481660766366,0.9996338635874438,1.0
cube,400,10,cross_view,52.360258332797194,51.360258332797194,106.17942164201375,21.671224920702272,0.017651751964950193,True,0.985,39.57928223659779,29.073198835255663,0.3957928223659779,0.29073198835255665,0.7,0,False,0.000867719058141777,0.9997158657658443,1.0
cube,400,10,self_conditioned,42.67716579713722,41.67716579713722,104.19519749029985,19.68700076898837,0.017121221603847527,True,0.89,41.5176846478883,27.502088258670625,0.4151768464788831,0.27502088258670626,0.5,0,False,0.0006531774377527065,0.9996356721412061,1.0
cube,400,10,full_observed,38.42519185312722,37.42519185312722,101.42626697734288,16.9180702560314,,,,,,,,,,,,,
cube,400,10,privileged_xprime_u,-1.9372325142291442,-2.9372325142291444,79.85461767595162,-4.653579045359862,,,,,,,,,,,,,
cube,400,11,x_only,107.7672143875536,106.7672143875536,133.83118197626771,49.32298525495624,0.0683686388732086,True,1.0,78.04170125940058,98.75356219439745,0.8671300139933398,0.8977596563127042,1.0,9,True,0.00025789595621559164,0.9996895508343888,1.0
cube,400,11,cross_view,38.38347311374163,37.38347311374163,99.4893826258642,14.981185904552717,0.021383749356961013,True,1.0,38.96673305748298,47.032231272690154,0.4329637006386998,0.42756573884263777,0.8,0,False,0.0005886339792274406,0.999664330813075,0.5
cube,400,11,self_conditioned,38.17697922026591,37.17697922026591,96.69238447906557,12.184187757754088,0.020678164507939974,True,1.0,36.87712662213721,51.565370746959246,0.4097458513570801,0.46877609769962947,0.6,0,False,0.0007430275983151526,0.9995862416614463,1.0
cube,400,11,full_observed,36.508035539288315,35.508035539288315,97.9725562430864,13.464359521774924,,,,,,,,,,,,,
cube,400,11,privileged_xprime_u,2.5762387752976874,1.5762387752976874,76.75698703764868,-7.751209683662793,,,,,,,,,,,,,
cube,400,12,x_only,122.13898821586848,121.13898821586848,140.72613659198535,56.217939870673874,0.07380264319007313,True,1.0,88.34477848615649,88.08897061624154,0.8747007770906583,0.8897875819822376,1.0,8,True,0.00021485176441773037,0.9997733980569952,1.0
cube,400,12,cross_view,61.483054522026706,60.483054522026706,112.57641196384814,28.068215242536667,0.023255324565346732,True,1.0,38.621326427921986,32.159926325951034,0.382389370573485,0.324847740666172,0.7,0,False,0.0007423470619398834,0.9996988560905233,1.0
cube,400,12,self_conditioned,52.62765390158951,51.62765390158951,109.89162089161458,25.3834241703031,0.01999258041403293,True,1.0,44.41171831732622,30.956491620401817,0.4397199833398636,0.3126918345495133,0.7,0,False,0.001095277009138282,0.9995616401928429,1.0
cube,400,12,full_observed,40.24440513499746,39.24440513499746,105.53927567781548,21.031078956504004,,,,,,,,,,,,,
cube,400,12,privileged_xprime_u,-0.38828334775306744,-1.3882833477530674,81.35373699745857,-3.1544597238529093,,,,,,,,,,,,,
cube,400,13,x_only,113.7999189377583,112.7999189377583,141.24043054614546,56.73223382483398,0.07085493994506632,True,1.0,82.43930970606465,100.20729657696603,0.901182248020999,0.9236208602268883,1.0,7,True,0.00029035720841546716,0.9996718363032736,1.0
cube,400,13,cross_view,50.29185758605412,49.29185758605412,103.27110675369777,18.762910032386287,0.02132857266544355,True,0.9221105527638191,43.697615004341884,40.204516907988804,0.4774610376996964,0.36999490860570117,0.7,0,False,0.00045676844463101617,0.9997965504060556,0.5
cube,400,13,self_conditioned,39.764477387165606,38.764477387165606,99.42201059867094,14.913813877359459,0.022026547589290943,True,0.9773869346733668,44.038222183361334,36.286868894924986,0.48128689385215084,0.3340829791873726,0.8,0,False,0.0006402317816489565,0.999627617875984,1.0
cube,400,13,full_observed,39.38174882606413,38.38174882606413,102.49297266345046,17.98477594213898,,,,,,,,,,,,,
cube,400,13,privileged_xprime_u,0.8300203659230189,-0.16997963407698113,82.50515001859463,-2.003046702716844,,,,,,,,,,,,,
cube,400,14,x_only,107.1018362297901,106.1018362297901,143.55570130781416,59.04750458650268,0.06382988161159218,True,1.0,89.7603660581197,82.98862643620772,0.8757904645917505,0.8513573726537456,1.0,7,True,0.00037693920389670986,0.99964839894309,1.0
cube,400,14,cross_view,44.502768446859584,43.502768446859584,106.33691409686394,21.828717375552458,0.02692045839903261,True,0.9029850746268657,43.06084661057038,32.94112909697292,0.4195688372813834,0.33849083470877694,0.6,0,False,0.0006235733328946945,0.9996612469770616,0.5
cube,400,14,self_conditioned,44.344283862311286,43.344283862311286,108.29164433277906,23.78344761146758,0.026471988773607597,True,0.900497512437811,48.90900110638021,29.68475914780963,0.4766794719465167,0.30487977322543525,0.6,0,False,0.0008204194863143245,0.9995847225411897,1.0
cube,400,14,full_observed,35.34797385811298,34.34797385811298,103.00396557288252,18.495768851571043,,,,,,,,,,,,,
cube,400,14,privileged_xprime_u,-0.3061998556628971,-1.306199855662897,83.11964078113571,-1.3885559401757632,,,,,,,,,,,,,
cube,400,15,x_only,131.78410787693375,130.78410787693375,155.811858863911,71.30366214259952,0.083036681954539,True,1.0,91.97438821561357,92.750530744684,0.9106375070852829,0.9368740479261011,1.0,10,True,0.00019140155490059767,0.9998109439932692,1.0
cube,400,15,cross_view,62.36223985605839,61.36223985605839,105.81036155787336,21.302164836561886,0.020748612345414485,True,1.0,46.29425927992472,35.38036095788105,0.45835900277153185,0.3573773834129399,0.6,0,False,0.0004753773731080884,0.9997126577900712,1.0
cube,400,15,self_conditioned,44.07837216212281,43.07837216212281,99.38892951614213,14.88073279483065,0.017327471617037977,True,1.0,42.22083892762214,39.13274114855048,0.4180281081942786,0.395280213621722,0.6,0,False,0.0007023611279772618,0.9995038364010546,1.0
cube,400,15,full_observed,45.48032057918274,44.48032057918274,105.25285872124951,20.74466199993803,,,,,,,,,,,,,
cube,400,15,privileged_xprime_u,0.45999501261970144,-0.5400049873802986,83.63444553368824,-0.8737511876232418,,,,,,,,,,,,,
cube,400,16,x_only,110.23482424255533,109.23482424255533,142.34530601339048,57.837109292079006,0.06737551836698076,True,1.0,85.88229176724307,83.84181215033234,0.8588229176724307,0.8384181215033235,1.0,8,True,0.0002961578847180593,0.9996786888156876,1.0
cube,400,16,cross_view,41.423681389130806,40.423681389130806,108.46516591353989,23.956969192228414,0.01910884518872856,True,0.905,38.33572028824314,39.287509419073636,0.38335720288243136,0.39287509419073635,0.6,0,False,0.000546229820467496,0.9997670272417457,0.5
cube,400,16,self_conditioned,38.83025444976634,37.83025444976634,105.04782156702822,20.539624845716745,0.01905142047933192,True,0.9125,37.28404589429668,38.20831883876671,0.3728404589429668,0.3820831883876671,0.5,0,False,0.0008901997078412828,0.9996731263705038,1.0
cube,400,16,full_observed,37.812620303806064,36.812620303806064,104.45455549168369,19.946358770372214,,,,,,,,,,,,,
cube,400,16,privileged_xprime_u,-0.6008409853705073,-1.6008409853705072,84.86120265483073,0.35300593351925613,,,,,,,,,,,,,
cube,400,17,x_only,117.12508967560564,116.12508967560564,141.48792924273658,56.979732521425106,0.0643333443933561,True,1.0,81.84655185137092,93.27732551947372,0.8661016747173507,0.8842247468750445,1.0,6,True,0.0003856008767259436,0.9995453915429864,1.0
cube,400,17,cross_view,47.0771372544136,46.0771372544136,104.74688941113826,20.238692689826777,0.022668588822114345,True,1.0,40.84079752411332,40.386184893267256,0.4319924304439312,0.3824955185903097,0.5,0,False,0.0005263668373302019,0.9997154158035332,1.0
cube,400,17,self_conditioned,46.36633524443143,45.36633524443143,103.0378121733943,18.529615452082822,0.02317359177590706,True,1.0,37.49641623360797,37.21079937387756,0.3967540852373074,0.35233828146364415,0.6,0,False,0.0005901348601362609,0.9996734488388701,1.0
cube,400,17,full_observed,38.66545746889554,37.66545746889554,106.86620969437743,22.358012973065954,,,,,,,,,,,,,
cube,400,17,privileged_xprime_u,-3.2029120167615814,-4.202912016761582,82.0237308656405,-2.484465855670976,,,,,,,,,,,,,
cube,400,18,x_only,107.24707363137722,106.24707363137722,133.91436182264133,49.40616510132985,0.06332149989591897,True,1.0,85.09304737118578,93.93951107086201,0.8909342747668563,0.8988373278774249,1.0,6,True,0.00036200326444952376,0.9995856378316866,1.0
cube,400,18,cross_view,48.98115245742834,47.98115245742834,101.3740837372951,16.865887015983617,0.026214184453493335,True,1.0,46.16077454923939,36.174260014489526,0.48333905771533137,0.3464530551252897,0.6,0,False,0.00035473906613802487,0.9996865338671914,1.0
cube,400,18,self_conditioned,34.11717758975316,33.11717758975316,96.87392408798878,12.365727366677305,0.022564008836863596,True,1.0,43.089088889467575,33.022425784239196,0.450853032035018,0.31619770272476955,0.5,0,False,0.0005698920198026163,0.9995401639666298,1.0
cube,400,18,full_observed,36.23961558956795,35.23961558956795,101.19280289908511,16.68460617777363,,,,,,,,,,,,,
cube,400,18,privileged_xprime_u,-0.8663204088059814,-1.8663204088059815,80.48780275763256,-4.020393963678913,,,,,,,,,,,,,
cube,400,19,x_only,110.6193446011028,109.6193446011028,146.9363876983889,62.42819097707742,0.07892307896633263,True,1.0,89.14664751970108,93.30244671991758,0.914331040372624,0.9103147876703525,1.0,12,True,0.00023729112165553413,0.9996711229560669,1.0
cube,400,19,cross_view,37.96280935850145,36.96280935850145,102.43659956026852,17.92840283895704,0.026488944574359165,True,1.0,49.52224093916542,43.51660835154995,0.5077843438313296,0.42465929785050593,0.7,0,False,0.00031620382608693956,0.9997642279347245,1.0
cube,400,19,self_conditioned,32.68690040301407,31.68690040301407,100.88667640606154,16.37847968475006,0.02413602663232385,True,0.957286432160804,46.6137387688763,40.606955800518364,0.4779951756027515,0.3960000296972978,0.7,0,False,0.0009075024495575657,0.9995957968883045,1.0
cube,400,19,full_observed,34.434443475385734,33.434443475385734,102.570313800831,18.062117079519524,,,,,,,,,,,,,
cube,400,19,privileged_xprime_u,0.11116103613846913,-0.8888389638615308,86.3668265445792,1.8586298232677194,,,,,,,,,,,,,
cube,1200,0,x_only,108.26661358470514,107.26661358470514,137.24712742017766,52.738930698866184,0.0614875131775406,True,1.0,245.26428565993555,254.5965765688859,0.8244139522742843,0.8416425293567678,1.0,26,True,0.0035127727428837926,0.9953898173393259,1.0
cube,1200,0,cross_view,35.80392170115269,34.80392170115269,98.491192446208,13.982995724896526,0.012022549766143135,True,0.674531040364001,83.76956333217645,71.84591509685686,0.28161382708513405,0.23755423503133313,0.8,0,False,0.0004038144918400967,0.9997911799203271,1.0
cube,1200,0,self_conditioned,36.08543800738291,35.08543800738291,96.23171706017712,11.72352033886564,0.012180493450743849,True,0.6452767924355345,81.87226875564515,69.31641120609973,0.27527642646202777,0.22911229795642257,0.6,0,False,0.0004690810767096627,0.9996950706374006,1.0
cube,1200,0,full_observed,33.01558200642962,32.01558200642962,99.63521856613002,15.127021844818543,,,,,,,,,,,,,
cube,1200,0,privileged_xprime_u,1.5286826343869138,0.5286826343869138,85.55020566039786,1.0420089390863865,,,,,,,,,,,,,
cube,1200,1,x_only,110.05332694885726,109.05332694885726,135.6100953926329,51.10189867132142,0.05369744694618072,True,1.0,220.0858369894825,197.8658357862592,0.728761049634048,0.6639793147189905,1.0,16,True,0.001484833275983122,0.996610554779708,1.0
cube,1200,1,cross_view,26.790867142105096,25.790867142105096,97.41376298684128,12.9055662655298,0.010869720068573617,True,0.6833333333333333,88.96027165765119,58.44548936604566,0.2945704359524874,0.19612580324176399,0.8,0,False,0.0003794503522551258,0.9997998651665967,1.0
cube,1200,1,self_conditioned,22.964214725511216,21.964214725511216,93.0104783301855,8.502281608874029,0.009804463727384596,True,0.7025,99.23102065649644,60.74665071950983,0.32857953859767036,0.20384782120640882,0.7,0,False,0.0005234224851206219,0.9997040613291357,1.0
cube,1200,1,full_observed,27.099938445933226,26.099938445933226,97.57766427121736,13.06946754990588,,,,,,,,,,,,,
cube,1200,1,privileged_xprime_u,1.2321508972480495,0.2321508972480495,83.76153404700186,-0.7466626743096185,,,,,,,,,,,,,
cube,1200,2,x_only,111.46349496128816,110.46349496128816,139.11518103622797,54.60698431491649,0.05204291117060744,True,1.0,245.67631627838256,223.39219627763023,0.804173592181646,0.7585586131979445,1.0,19,True,0.0068182778742354,0.9945647410047915,1.0
cube,1200,2,cross_view,33.9646969331374,32.9646969331374,101.93255197566519,17.424355254353713,0.011276085634208465,True,0.5259889610804475,82.22883024821448,70.48029223854643,0.26926372484056227,0.23932783260653978,0.6,0,False,0.00042324177615035426,0.9997870491473341,1.0
cube,1200,2,self_conditioned,31.580182864979555,30.580182864979555,97.37272841740892,12.864531696097444,0.010974658303339331,True,0.6973616593379426,80.24314551475487,73.75288380061647,0.26283011605051687,0.2504286626931546,0.7,0,False,0.0005494697043331952,0.9997287203908001,1.0
cube,1200,2,full_observed,32.73363897151407,31.73363897151407,100.88827958859855,16.380082867287072,,,,,,,,,,,,,
cube,1200,2,privileged_xprime_u,0.42513137407280743,-0.5748686259271926,85.20769533038896,0.6994986090774802,,,,,,,,,,,,,
cube,1200,3,x_only,112.19942888608445,111.19942888608445,143.72225956856175,59.214062847250275,0.06101702216102332,True,1.0,215.5217210283856,248.9684696054769,0.7496474431060409,0.7967271395022937,1.0,17,True,0.0026798094678932402,0.9974881323934345,1.0
cube,1200,3,cross_view,40.84168759691111,39.84168759691111,102.94566175683063,18.437465035519153,0.010730518188426436,True,0.8067411298364717,57.746817555838795,87.63863742544106,0.20093934486714787,0.28042765268902375,0.7,0,False,0.00045651980270262937,0.9997759616027678,1.0
cube,1200,3,self_conditioned,32.82733714188343,31.827337141883433,100.66165876751722,16.153462046205746,0.01205865846385536,True,0.8926788685524126,75.31606443853184,94.281093070775,0.26199218329699614,0.3016755138482922,0.6,0,False,0.0004347756541017351,0.9997936547351678,1.0
cube,1200,3,full_observed,30.151205114486267,29.151205114486267,98.13345795704721,13.625261235735735,,,,,,,,,,,,,
cube,1200,3,privileged_xprime_u,0.48421782271778824,-0.5157821772822118,82.5306637058066,-1.977533015504875,,,,,,,,,,,,,
cube,1200,4,x_only,110.04833517090437,109.04833517090437,138.960833420121,54.45263669880951,0.05380290509738089,True,1.0,214.96434930177185,210.1514803430633,0.7451708073203936,0.6747174642622848,1.0,15,True,0.001690935807078989,0.9961750407599937,1.0
cube,1200,4,cross_view,38.25314174417326,37.25314174417326,98.2197713244404,13.711574603128923,0.010537012510002875,True,0.7254575707154742,94.44687181994064,84.67567787837189,0.3275090083121948,0.2719022188063047,0.7,0,False,0.00044362446965746656,0.999769466344539,1.0
cube,1200,4,self_conditioned,34.268322273009076,33.268322273009076,95.68117312889109,11.172976407579611,0.010611490123361655,True,0.7343700954724874,93.54918347357997,82.25450820243475,0.3244098058531997,0.2640984200289917,0.7,0,False,0.0006226798665829616,0.999687855583892,1.0
cube,1200,4,full_observed,29.07410291124247,28.07410291124247,95.91348343764015,11.405286716328675,,,,,,,,,,,,,
cube,1200,4,privileged_xprime_u,1.1634524684679926,0.16345246846799255,83.02586476054678,-1.4823319607646965,,,,,,,,,,,,,
cube,1200,5,x_only,108.26898742855101,107.26898742855101,138.36332799863533,53.85513127732385,0.04987961420635065,True,1.0,216.35692373567312,220.80739790120893,0.7271534764908822,0.7299269307623439,1.0,17,True,0.004807994012625956,0.994813369759191,1.0
cube,1200,5,cross_view,37.92546660008304,36.92546660008304,102.071179027727,17.56298230641552,0.009532663866941989,True,0.7665021291725811,91.31920108146127,93.6612536355197,0.3069024650094535,0.309618616186053,0.6,0,False,0.0006881178517768488,0.9996641522648076,1.0
cube,1200,5,self_conditioned,35.95674627616931,34.95674627616931,101.63078959102245,17.12259286971097,0.011232522913930894,True,1.0,100.28621037897042,85.16943284794597,0.33701084967876715,0.28152249185518174,0.7,0,False,0.0004106784976705314,0.9997871571743148,1.0
cube,1200,5,full_observed,31.70293537125362,30.70293537125362,100.0558365881751,15.54763986686362,,,,,,,,,,,,,
cube,1200,5,privileged_xprime_u,0.9163559356159536,-0.08364406438404637,83.73888635811564,-0.7693103631958422,,,,,,,,,,,,,
cube,1200,6,x_only,107.84265008355301,106.84265008355301,136.87841724614177,52.37022052483029,0.048138633364347046,True,1.0,220.22312177841889,204.75839981092827,0.7184267450198356,0.6976690837178007,1.0,16,True,0.004410850717063494,0.9959519855571141,1.0
cube,1200,6,cross_view,30.530186971518415,29.530186971518415,100.1157077248049,15.607511003493428,0.01296311239119553,True,0.8998330550918197,98.57011512624143,78.3557957426,0.32157643912027734,0.26688507662261624,0.8,0,False,0.0004582712353216787,0.9997052265773302,1.0
cube,1200,6,self_conditioned,31.64674425264244,30.64674425264244,100.1160596326539,15.607862911342423,0.013844516514822852,True,0.8989983305509182,110.87700969782381,84.2572084076188,0.36167732038192635,0.2869760289156318,0.8,1,False,0.0005181304171287589,0.9996463994098438,1.0
cube,1200,6,full_observed,27.10794393544178,26.10794393544178,98.76157493526217,14.253378213950697,,,,,,,,,,,,,
cube,1200,6,privileged_xprime_u,0.7821278647101565,-0.2178721352898435,86.27908341629734,1.7708866949858617,,,,,,,,,,,,,
cube,1200,7,x_only,104.00247143392187,103.00247143392187,137.03280867770863,52.52461195639715,0.05031590061569495,True,1.0,222.27520722923552,198.56158694457116,0.7193372402240632,0.6823422231772205,1.0,14,True,0.00566392003670282,0.9955601938628017,1.0
cube,1200,7,cross_view,46.700594580852524,45.700594580852524,107.7964986097092,23.288301888397726,0.011806621272144716,True,1.0,99.44847254721009,84.82745732911945,0.3218397169812624,0.29150328979078843,0.9,0,False,0.0003710548241923526,0.9998341457033404,1.0
cube,1200,7,self_conditioned,42.780556722130534,41.780556722130534,105.52084370507113,21.01264698375965,0.01047448688328272,True,0.705,71.55312100736595,73.69959158618252,0.23156349840571505,0.2532632013270877,0.8,0,False,0.0005239056293020469,0.9997320605132851,1.0
cube,1200,7,full_observed,27.59507277111726,26.59507277111726,99.50955051464283,15.001353793331347,,,,,,,,,,,,,
cube,1200,7,privileged_xprime_u,0.9641681680087528,-0.035831831991247176,86.51723883551867,2.0090421142071904,,,,,,,,,,,,,
cube,1200,8,x_only,106.22787786373793,105.22787786373793,136.4776174976025,51.96942077629102,0.05704644782992947,True,1.0,231.1439343362594,242.95415536204203,0.7821896344719206,0.7978735888692237,1.0,20,True,0.001749651107500067,0.9973871156007575,1.0
cube,1200,8,cross_view,35.90985935993076,34.90985935993076,98.80111629497594,14.292919573664463,0.00911478009627106,True,0.665669904638624,78.44265489553067,65.16147931073243,0.26542977339728,0.21386168720210535,0.6,0,False,0.0004588724552590309,0.9998611766514265,1.0
cube,1200,8,self_conditioned,38.054819639395305,37.054819639395305,98.50653280307014,13.998336081758666,0.00884340493305347,True,0.5917044214011706,82.08031921554004,61.246742731077816,0.27776929801161515,0.20107816294947378,0.7,0,False,0.0009197781736821909,0.9996942129806343,1.0
cube,1200,8,full_observed,31.705775780288388,30.705775780288388,100.26597429651602,15.757777575204543,,,,,,,,,,,,,
cube,1200,8,privileged_xprime_u,0.3612531931607913,-0.6387468068392087,84.2845167976454,-0.2236799236660829,,,,,,,,,,,,,
cube,1200,9,x_only,114.87363741188715,113.87363741188715,135.79848817743326,51.29029145612178,0.05107928156066076,True,1.0,204.5559601644087,224.5780740830104,0.6981432087522481,0.7315246712801642,1.0,10,True,0.001921002047027373,0.9975199653255624,1.0
cube,1200,9,cross_view,35.259927701128,34.259927701128,94.58691158950961,10.078714868198134,0.009657095531907335,True,0.5325,91.47508482219777,49.47043003481229,0.3122016546832689,0.16114146591144068,0.7,0,False,0.0006781964736522803,0.9997278197401598,1.0
cube,1200,9,self_conditioned,38.617790117276584,37.617790117276584,94.94906665358783,10.440869932276357,0.009394186524889128,True,0.6241666666666668,89.7907070618383,75.52583405414777,0.30645292512572797,0.2460124887757256,0.6,0,False,0.00035597634260324854,0.9997668807054748,1.0
cube,1200,9,full_observed,35.66010316138531,34.66010316138531,98.52908005472472,14.020883333413238,,,,,,,,,,,,,
cube,1200,9,privileged_xprime_u,0.20684800111527324,-0.7931519988847268,80.5442111148366,-3.9639856064748784,,,,,,,,,,,,,
cube,1200,10,x_only,107.57740622557262,106.57740622557262,138.1768085478806,53.66861182656912,0.05732186970937556,True,1.0,232.0723987197125,226.34556794407348,0.7748673676009387,0.7531826290771244,1.0,15,True,0.002985082595075809,0.9933020887633408,1.0
cube,1200,10,cross_view,30.458504654938626,29.458504654938626,95.04651962654502,10.538322905233542,0.013117316450575154,True,0.8072702979730499,94.71483448470192,83.13385540376325,0.3161839816600275,0.2766358234897686,0.6,0,False,0.0005346436957972548,0.999719396457568,1.0
cube,1200,10,self_conditioned,33.43452328667165,32.43452328667165,95.00114436359885,10.492947642287376,0.013041571787487799,True,0.9106844741235393,105.05260083692693,78.75079156069943,0.3508044463040389,0.2620752132338473,0.6,0,False,0.0005111892752367925,0.9997863037485895,1.0
cube,1200,10,full_observed,31.57448232749371,30.57448232749371,98.75795073018341,14.249754008871932,,,,,,,,,,,,,
cube,1200,10,privileged_xprime_u,0.05883891809855869,-0.9411610819014413,83.98123830113927,-0.5269584201722068,,,,,,,,,,,,,
cube,1200,11,x_only,106.1028299642874,105.1028299642874,135.61016866394178,51.1019719426303,0.05717878592812071,True,1.0,218.51269076653367,231.5277262197003,0.7332640629749452,0.7666481000652328,1.0,16,True,0.005135127247097741,0.996909413158123,1.0
cube,1200,11,cross_view,34.35041180732128,33.35041180732128,98.44389337053455,13.935696649223075,0.010752555805405484,True,0.8133333333333334,88.448713117149,77.66450706109688,0.2968077621380839,0.25716724192416185,0.8,0,False,0.00047011503221704176,0.9997975246714315,1.0
cube,1200,11,self_conditioned,25.043760623751403,24.043760623751403,97.60140163630246,13.093204914990977,0.011656996988352864,True,0.9025000000000001,93.50532961815952,77.92745634491436,0.31377627388644136,0.25803793491693494,0.8,0,False,0.0006947119410895539,0.9996915738146616,1.0
cube,1200,11,full_observed,33.01009383571986,32.01009383571986,100.95349269668712,16.445295975375643,,,,,,,,,,,,,
cube,1200,11,privileged_xprime_u,2.1652164407271677,1.1652164407271677,85.03692091751098,0.5287241961995051,,,,,,,,,,,,,
cube,1200,12,x_only,113.49171979166677,112.49171979166677,142.6060032853117,58.09780656400021,0.04897318009505467,True,1.0,237.16856411485972,209.41443109685213,0.7688840250959483,0.7184458543950973,1.0,16,True,0.0004964497027356819,0.9979992654010494,1.0
cube,1200,12,cross_view,44.91035559800151,43.91035559800151,104.23679806014633,19.72860133883485,0.01208638599259736,True,0.6145086514129207,87.40191800286874,70.9126271358985,0.2834409542631815,0.2432343334201089,0.6,0,False,0.00044008119055517075,0.9997966941107941,1.0
cube,1200,12,self_conditioned,37.94628814682093,36.94628814682093,100.12772790936623,15.61953118805475,0.01189533689187906,True,0.7193283870232973,103.13978706953893,59.59365565841054,0.3344199319736568,0.20440565296228894,0.8,0,False,0.0006394588003322116,0.9997397768694305,1.0
cube,1200,12,full_observed,28.561390841946316,27.561390841946316,97.88751962193317,13.379322900621688,,,,,,,,,,,,,
cube,1200,12,privileged_xprime_u,0.8235860775217033,-0.17641392247829668,86.95982419453102,2.4516274732195455,,,,,,,,,,,,,
cube,1200,13,x_only,108.29860198968314,107.29860198968314,138.32597939699778,53.8177826756863,0.05224928006367274,True,1.0,219.0661144502006,219.73044128311193,0.7302203815006687,0.7324348042770399,1.0,12,True,0.004274429378601076,0.9961913776285053,1.0
cube,1200,13,cross_view,41.441912059362636,40.441912059362636,101.01488466881236,16.50668794750088,0.010166997949927859,True,0.5974999999999999,65.03833672206771,68.05713835402707,0.2167944557402257,0.22685712784675688,0.7,0,False,0.0004412424033539951,0.9997428234505799,1.0
cube,1200,13,self_conditioned,37.03639586556113,36.03639586556113,96.46042682367103,11.95223010235955,0.011295358050740511,True,0.45666666666666667,78.08331482095426,77.39259020192861,0.2602777160698475,0.2579753006730954,0.7,0,False,0.0003944936797055768,0.9997977841261967,1.0
cube,1200,13,full_observed,33.06670493914901,32.06670493914901,99.50913577002177,15.000939048710293,,,,,,,,,,,,,
cube,1200,13,privileged_xprime_u,0.9524973931246082,-0.04750260687539176,83.52002855666602,-0.9881681646454581,,,,,,,,,,,,,
cube,1200,14,x_only,104.78028206901863,103.78028206901863,137.89144466417426,53.38324794286278,0.0549887456995665,True,1.0,201.00466018022723,236.17423241389045,0.7295869220885071,0.7277971091190791,1.0,17,True,0.0018017022646200018,0.9953766174007016,1.0
cube,1200,14,cross_view,40.691456983969346,39.691456983969346,103.47864120769178,18.970444486380302,0.010200454999376295,True,0.9081803005008346,73.61393334099401,74.12140336278323,0.2672298221015644,0.2283744862351078,0.7,0,False,0.00030652252997297896,0.9997724096128153,1.0
cube,1200,14,self_conditioned,41.57600404181559,40.57600404181559,103.56972898414037,19.06153226282889,0.010863047344291235,True,0.9148580968280468,76.71479083833844,74.44333545121331,0.27852890260004043,0.22935882115115058,0.7,0,False,0.0004998626831664706,0.9996790702463091,1.0
cube,1200,14,full_observed,35.04107995923504,34.04107995923504,99.54387314982232,15.03567642851084,,,,,,,,,,,,,
cube,1200,14,privileged_xprime_u,0.3068246484554539,-0.6931753515445461,80.12613677246975,-4.382059948841729,,,,,,,,,,,,,
cube,1200,15,x_only,98.39023258754884,97.39023258754884,136.485862196331,51.97766547501952,0.05966481481535843,True,1.0,220.20883414957157,214.82954839868302,0.7452269079311641,0.7055290187598101,1.0,12,True,0.0023731691031162543,0.9982516338314694,1.0
cube,1200,15,cross_view,25.458722539444377,24.458722539444377,98.09542612601194,13.587229404700466,0.011331570615222289,True,0.7114686429684527,88.95491650954276,74.46077619881888,0.3009026538047616,0.24450851309868754,0.7,0,False,0.00046237867300024033,0.9997488880783473,1.0
cube,1200,15,self_conditioned,27.070377313967477,26.070377313967477,97.47994654508601,12.97174982377453,0.010053993328967652,True,0.5682404673346315,86.91123502189052,63.67208223136155,0.2940642433190276,0.20911061392477293,0.6,0,False,0.0003794041134773352,0.9997830686092101,1.0
cube,1200,15,full_observed,27.96088844176542,26.96088844176542,97.16365628728525,12.655459565973771,,,,,,,,,,,,,
cube,1200,15,privileged_xprime_u,0.8173829423978439,-0.18261705760215607,83.96191450534911,-0.5462822159623641,,,,,,,,,,,,,
cube,1200,16,x_only,109.61156070378998,108.61156070378998,138.63369205980737,54.125495338495895,0.05952536224935852,True,1.0,223.64640847133006,239.51478735750584,0.7697922474397749,0.7738174980251853,1.0,20,True,0.0027828884203581466,0.997082117845946,1.0
cube,1200,16,cross_view,40.41340468921856,39.41340468921856,103.7561606359398,19.24796391462833,0.012629765064519193,True,0.6333600926669241,74.29256266917197,78.6823314439468,0.25589203243134667,0.2542564595115234,0.7,0,False,0.00040705452381758903,0.9997637618617076,1.0
cube,1200,16,self_conditioned,33.54192462441146,32.54192462441146,101.55978042095596,17.051583699644482,0.012425792720932428,True,0.7975119375331599,74.3655749404684,74.54738157360464,0.25609110761416076,0.24084055715756747,0.8,0,False,0.0006265748093877845,0.9996226085355201,1.0
cube,1200,16,full_observed,33.66502411630375,32.66502411630375,99.02492841892736,14.516731697615882,,,,,,,,,,,,,
cube,1200,16,privileged_xprime_u,1.1262773551845067,0.12627735518450667,82.44672642010404,-2.061470301207436,,,,,,,,,,,,,
cube,1200,17,x_only,113.38166117529559,112.38166117529559,148.15932743335804,63.651130712046566,0.05606152514836209,True,1.0,217.7496894992662,251.75303828834922,0.7573961407910865,0.80561436482724,1.0,17,True,0.0033976047190840634,0.9955464872995313,1.0
cube,1200,17,cross_view,33.07533113976369,32.07533113976369,99.49665583924956,14.988459117938078,0.010082026786496636,True,0.7706174183817177,86.82032929501295,76.68700318799837,0.302074254774625,0.24537489176775668,0.6,0,False,0.00034577112263944366,0.9997832794763372,1.0
cube,1200,17,self_conditioned,34.374462540269874,33.374462540269874,100.04073650358255,15.532539782271073,0.010979371867350225,True,0.7281992449979027,93.8133544950931,79.94622707125383,0.3263965505868647,0.2558110636043289,0.6,0,False,0.00033114348319317763,0.9997858098469461,1.0
cube,1200,17,full_observed,30.429950385318158,29.429950385318158,99.43731932826803,14.929122606956554,,,,,,,,,,,,,
cube,1200,17,privileged_xprime_u,-0.128063771732546,-1.128063771732546,83.84253630072482,-0.6656604205866614,,,,,,,,,,,,,
cube,1200,18,x_only,111.23332496218015,110.23332496218015,138.74141688617902,54.23322016486755,0.05638909948707412,True,1.0,216.49119574782998,210.59513713687457,0.7240508218990969,0.6996516183949322,1.0,13,True,0.002176121683334001,0.9974680790182519,1.0
cube,1200,18,cross_view,40.59618985827504,39.59618985827504,104.76511000935305,20.256913288041574,0.009162994014301,True,0.6208333333333333,78.10184852764468,70.96483308794538,0.261210195744631,0.23576356507623047,0.7,0,False,0.0005688843816420723,0.9996405399817817,1.0
cube,1200,18,self_conditioned,38.604463783136815,37.604463783136815,104.94311220153001,20.434915480218535,0.00904932774064996,True,0.6275,87.22182232494706,68.91408014035993,0.29171178035099343,0.22895043235999976,0.7,0,False,0.0005349823303806609,0.9997118218995061,1.0
cube,1200,18,full_observed,31.630967122403078,30.630967122403078,100.16545533688468,15.657258615573198,,,,,,,,,,,,,
cube,1200,18,privileged_xprime_u,2.032153083780782,1.032153083780782,84.489370368783,-0.018826352528478196,,,,,,,,,,,,,
cube,1200,19,x_only,108.56304074841228,107.56304074841228,138.1048077057343,53.59661098442281,0.061909873036513324,True,1.0,204.61636831091326,231.27860355633786,0.6973214777485348,0.7545344081119092,1.0,17,True,0.003740031388874645,0.996304258437117,1.0
cube,1200,19,cross_view,34.602048446851775,33.602048446851775,104.13593890426763,19.627742182956155,0.008069040074498693,True,0.4133705926960908,65.25427590522195,95.82857957198823,0.22242416335865123,0.31283039906410576,0.5,0,False,0.00048041004660592096,0.9997034976001857,1.0
cube,1200,19,self_conditioned,34.4679996730931,33.4679996730931,101.2122070033789,16.704010282067415,0.010156916599629903,True,0.40082194672762983,67.20895438369097,69.81457108513429,0.2289504602767427,0.22782074956345633,0.6,0,False,0.0006239908690624531,0.999677718313321,1.0
cube,1200,19,full_observed,34.621025670113234,33.621025670113234,101.81441174659095,17.30621502527947,,,,,,,,,,,,,
cube,1200,19,privileged_xprime_u,1.665779965094648,0.6657799650946481,84.05957371141618,-0.44862300989530013,,,,,,,,,,,,,
