sigma_w,gamma_u,rep,method,estimate,abs_error,delta_hat_eval,delta_hat_random,weighted_d_xu,perm_pvalue,theorem3_lhs,theorem3_rhs,l_y
0.3,0.5,0,learned_h,1.871952,0.871952,0.038818,0.060501,0.795735,0.0050,0.896536,1.420295,1.7849
0.3,0.5,0,random_h,2.382494,1.382494,0.038818,0.060501,0.795735,0.0050,0.896536,1.420295,1.7849
0.3,0.5,0,naive,2.465167,1.465167,0.038818,0.060501,0.795735,0.0050,0.896536,1.420295,1.7849
0.3,0.5,0,x_adjust,1.494589,0.494589,0.038818,0.060501,0.795735,0.0050,0.896536,1.420295,1.7849
0.3,0.5,0,xw_adjust,1.091150,0.091150,0.038818,0.060501,0.795735,0.0050,0.896536,1.420295,1.7849
0.3,0.5,0,oracle_xu,0.970132,0.029868,0.038818,0.060501,0.795735,0.0050,0.896536,1.420295,1.7849
0.3,0.5,1,learned_h,1.634402,0.634402,0.032793,0.055750,0.667410,0.0050,0.679881,1.195403,1.7911
0.3,0.5,1,random_h,2.244071,1.244071,0.032793,0.055750,0.667410,0.0050,0.679881,1.195403,1.7911
0.3,0.5,1,naive,2.267895,1.267895,0.032793,0.055750,0.667410,0.0050,0.679881,1.195403,1.7911
0.3,0.5,1,x_adjust,1.644540,0.644540,0.032793,0.055750,0.667410,0.0050,0.679881,1.195403,1.7911
0.3,0.5,1,xw_adjust,1.159028,0.159028,0.032793,0.055750,0.667410,0.0050,0.679881,1.195403,1.7911
0.3,0.5,1,oracle_xu,1.030091,0.030091,0.032793,0.055750,0.667410,0.0050,0.679881,1.195403,1.7911
0.3,0.5,2,learned_h,1.555663,0.555663,0.037391,0.050133,0.788274,0.0050,0.574952,1.417410,1.7981
0.3,0.5,2,random_h,1.904657,0.904657,0.037391,0.050133,0.788274,0.0050,0.574952,1.417410,1.7981
0.3,0.5,2,naive,2.220532,1.220532,0.037391,0.050133,0.788274,0.0050,0.574952,1.417410,1.7981
0.3,0.5,2,x_adjust,1.535331,0.535331,0.037391,0.050133,0.788274,0.0050,0.574952,1.417410,1.7981
0.3,0.5,2,xw_adjust,1.131777,0.131777,0.037391,0.050133,0.788274,0.0050,0.574952,1.417410,1.7981
0.3,0.5,2,oracle_xu,1.078005,0.078005,0.037391,0.050133,0.788274,0.0050,0.574952,1.417410,1.7981
0.3,0.5,3,learned_h,1.647248,0.647248,0.036781,0.046572,0.711227,0.0050,0.663892,1.277040,1.7955
0.3,0.5,3,random_h,1.976654,0.976654,0.036781,0.046572,0.711227,0.0050,0.663892,1.277040,1.7955
0.3,0.5,3,naive,2.217808,1.217808,0.036781,0.046572,0.711227,0.0050,0.663892,1.277040,1.7955
0.3,0.5,3,x_adjust,1.611501,0.611501,0.036781,0.046572,0.711227,0.0050,0.663892,1.277040,1.7955
0.3,0.5,3,xw_adjust,1.189631,0.189631,0.036781,0.046572,0.711227,0.0050,0.663892,1.277040,1.7955
0.3,0.5,3,oracle_xu,1.041835,0.041835,0.036781,0.046572,0.711227,0.0050,0.663892,1.277040,1.7955
0.3,0.5,4,learned_h,1.724939,0.724939,0.035065,0.051661,0.637542,0.0050,0.679637,1.144116,1.7946
0.3,0.5,4,random_h,2.402439,1.402439,0.035065,0.051661,0.637542,0.0050,0.679637,1.144116,1.7946
0.3,0.5,4,naive,2.409096,1.409096,0.035065,0.051661,0.637542,0.0050,0.679637,1.144116,1.7946
0.3,0.5,4,x_adjust,1.409709,0.409709,0.035065,0.051661,0.637542,0.0050,0.679637,1.144116,1.7946
0.3,0.5,4,xw_adjust,1.086622,0.086622,0.035065,0.051661,0.637542,0.0050,0.679637,1.144116,1.7946
0.3,0.5,4,oracle_xu,1.000420,0.000420,0.035065,0.051661,0.637542,0.0050,0.679637,1.144116,1.7946
0.3,0.5,5,learned_h,1.728287,0.728287,0.039667,0.056637,0.703730,0.0050,0.692574,1.275497,1.8125
0.3,0.5,5,random_h,2.160456,1.160456,0.039667,0.056637,0.703730,0.0050,0.692574,1.275497,1.8125
0.3,0.5,5,naive,2.288789,1.288789,0.039667,0.056637,0.703730,0.0050,0.692574,1.275497,1.8125
0.3,0.5,5,x_adjust,1.635109,0.635109,0.039667,0.056637,0.703730,0.0050,0.692574,1.275497,1.8125
0.3,0.5,5,xw_adjust,1.219997,0.219997,0.039667,0.056637,0.703730,0.0050,0.692574,1.275497,1.8125
0.3,0.5,5,oracle_xu,1.106380,0.106380,0.039667,0.056637,0.703730,0.0050,0.692574,1.275497,1.8125
0.3,0.5,6,learned_h,1.531830,0.531830,0.029500,0.041383,0.624413,0.0050,0.518761,1.119596,1.7930
0.3,0.5,6,random_h,1.892403,0.892403,0.029500,0.041383,0.624413,0.0050,0.518761,1.119596,1.7930
0.3,0.5,6,naive,2.305039,1.305039,0.029500,0.041383,0.624413,0.0050,0.518761,1.119596,1.7930
0.3,0.5,6,x_adjust,1.642834,0.642834,0.029500,0.041383,0.624413,0.0050,0.518761,1.119596,1.7930
0.3,0.5,6,xw_adjust,1.236418,0.236418,0.029500,0.041383,0.624413,0.0050,0.518761,1.119596,1.7930
0.3,0.5,6,oracle_xu,1.140512,0.140512,0.029500,0.041383,0.624413,0.0050,0.518761,1.119596,1.7930
0.3,0.5,7,learned_h,1.749909,0.749909,0.035615,0.058504,0.763578,0.0050,0.720091,1.381198,1.8089
0.3,0.5,7,random_h,2.339833,1.339833,0.035615,0.058504,0.763578,0.0050,0.720091,1.381198,1.8089
0.3,0.5,7,naive,2.388517,1.388517,0.035615,0.058504,0.763578,0.0050,0.720091,1.381198,1.8089
0.3,0.5,7,x_adjust,1.487795,0.487795,0.035615,0.058504,0.763578,0.0050,0.720091,1.381198,1.8089
0.3,0.5,7,xw_adjust,1.042786,0.042786,0.035615,0.058504,0.763578,0.0050,0.720091,1.381198,1.8089
0.3,0.5,7,oracle_xu,0.991405,0.008595,0.035615,0.058504,0.763578,0.0050,0.720091,1.381198,1.8089
0.3,0.5,8,learned_h,1.767772,0.767772,0.033955,0.054814,0.657195,0.0050,0.757139,1.179001,1.7940
0.3,0.5,8,random_h,2.260963,1.260963,0.033955,0.054814,0.657195,0.0050,0.757139,1.179001,1.7940
0.3,0.5,8,naive,2.397918,1.397918,0.033955,0.054814,0.657195,0.0050,0.757139,1.179001,1.7940
0.3,0.5,8,x_adjust,1.542885,0.542885,0.033955,0.054814,0.657195,0.0050,0.757139,1.179001,1.7940
0.3,0.5,8,xw_adjust,1.180986,0.180986,0.033955,0.054814,0.657195,0.0050,0.757139,1.179001,1.7940
0.3,0.5,8,oracle_xu,1.101078,0.101078,0.033955,0.054814,0.657195,0.0050,0.757139,1.179001,1.7940
0.3,0.5,9,learned_h,1.678453,0.678453,0.035731,0.051189,0.702947,0.0050,0.674810,1.272324,1.8100
0.3,0.5,9,random_h,2.290431,1.290431,0.035731,0.051189,0.702947,0.0050,0.674810,1.272324,1.8100
0.3,0.5,9,naive,2.321711,1.321711,0.035731,0.051189,0.702947,0.0050,0.674810,1.272324,1.8100
0.3,0.5,9,x_adjust,1.678806,0.678806,0.035731,0.051189,0.702947,0.0050,0.674810,1.272324,1.8100
0.3,0.5,9,xw_adjust,1.256633,0.256633,0.035731,0.051189,0.702947,0.0050,0.674810,1.272324,1.8100
0.3,0.5,9,oracle_xu,1.103566,0.103566,0.035731,0.051189,0.702947,0.0050,0.674810,1.272324,1.8100
0.3,0.5,10,learned_h,1.673029,0.673029,0.034250,0.054803,0.705335,0.0050,0.688385,1.250683,1.7732
0.3,0.5,10,random_h,2.285482,1.285482,0.034250,0.054803,0.705335,0.0050,0.688385,1.250683,1.7732
0.3,0.5,10,naive,2.445154,1.445154,0.034250,0.054803,0.705335,0.0050,0.688385,1.250683,1.7732
0.3,0.5,10,x_adjust,1.533519,0.533519,0.034250,0.054803,0.705335,0.0050,0.688385,1.250683,1.7732
0.3,0.5,10,xw_adjust,1.133584,0.133584,0.034250,0.054803,0.705335,0.0050,0.688385,1.250683,1.7732
0.3,0.5,10,oracle_xu,1.010832,0.010832,0.034250,0.054803,0.705335,0.0050,0.688385,1.250683,1.7732
0.3,0.5,11,learned_h,1.797452,0.797452,0.033035,0.053020,0.711352,0.0050,0.776141,1.251271,1.7590
0.3,0.5,11,random_h,2.175612,1.175612,0.033035,0.053020,0.711352,0.0050,0.776141,1.251271,1.7590
0.3,0.5,11,naive,2.442683,1.442683,0.033035,0.053020,0.711352,0.0050,0.776141,1.251271,1.7590
0.3,0.5,11,x_adjust,1.614070,0.614070,0.033035,0.053020,0.711352,0.0050,0.776141,1.251271,1.7590
0.3,0.5,11,xw_adjust,1.210888,0.210888,0.033035,0.053020,0.711352,0.0050,0.776141,1.251271,1.7590
0.3,0.5,11,oracle_xu,1.046515,0.046515,0.033035,0.053020,0.711352,0.0050,0.776141,1.251271,1.7590
0.3,1.0,0,learned_h,2.401620,1.401620,0.061569,0.074399,1.018150,0.0050,1.371131,1.842466,1.8096
0.3,1.0,0,random_h,2.806325,1.806325,0.061569,0.074399,1.018150,0.0050,1.371131,1.842466,1.8096
0.3,1.0,0,naive,2.892413,1.892413,0.061569,0.074399,1.018150,0.0050,1.371131,1.842466,1.8096
0.3,1.0,0,x_adjust,1.970284,0.970284,0.061569,0.074399,1.018150,0.0050,1.371131,1.842466,1.8096
0.3,1.0,0,xw_adjust,1.241016,0.241016,0.061569,0.074399,1.018150,0.0050,1.371131,1.842466,1.8096
0.3,1.0,0,oracle_xu,1.060602,0.060602,0.061569,0.074399,1.018150,0.0050,1.371131,1.842466,1.8096
0.3,1.0,1,learned_h,2.282884,1.282884,0.052716,0.067659,1.025639,0.0050,1.291120,1.808965,1.7637
0.3,1.0,1,random_h,2.623815,1.623815,0.052716,0.067659,1.025639,0.0050,1.291120,1.808965,1.7637
0.3,1.0,1,naive,2.796059,1.796059,0.052716,0.067659,1.025639,0.0050,1.291120,1.808965,1.7637
0.3,1.0,1,x_adjust,1.919068,0.919068,0.052716,0.067659,1.025639,0.0050,1.291120,1.808965,1.7637
0.3,1.0,1,xw_adjust,1.295704,0.295704,0.052716,0.067659,1.025639,0.0050,1.291120,1.808965,1.7637
0.3,1.0,1,oracle_xu,1.071536,0.071536,0.052716,0.067659,1.025639,0.0050,1.291120,1.808965,1.7637
0.3,1.0,2,learned_h,2.125762,1.125762,0.051059,0.078569,0.872497,0.0050,1.130262,1.592096,1.8248
0.3,1.0,2,random_h,2.715113,1.715113,0.051059,0.078569,0.872497,0.0050,1.130262,1.592096,1.8248
0.3,1.0,2,naive,2.734965,1.734965,0.051059,0.078569,0.872497,0.0050,1.130262,1.592096,1.8248
0.3,1.0,2,x_adjust,2.087557,1.087557,0.051059,0.078569,0.872497,0.0050,1.130262,1.592096,1.8248
0.3,1.0,2,xw_adjust,1.295773,0.295773,0.051059,0.078569,0.872497,0.0050,1.130262,1.592096,1.8248
0.3,1.0,2,oracle_xu,1.131065,0.131065,0.051059,0.078569,0.872497,0.0050,1.130262,1.592096,1.8248
0.3,1.0,3,learned_h,2.230043,1.230043,0.053358,0.079495,0.949454,0.0050,1.173963,1.710532,1.8016
0.3,1.0,3,random_h,2.801065,1.801065,0.053358,0.079495,0.949454,0.0050,1.173963,1.710532,1.8016
0.3,1.0,3,naive,2.956925,1.956925,0.053358,0.079495,0.949454,0.0050,1.173963,1.710532,1.8016
0.3,1.0,3,x_adjust,2.032809,1.032809,0.053358,0.079495,0.949454,0.0050,1.173963,1.710532,1.8016
0.3,1.0,3,xw_adjust,1.297620,0.297620,0.053358,0.079495,0.949454,0.0050,1.173963,1.710532,1.8016
0.3,1.0,3,oracle_xu,1.076827,0.076827,0.053358,0.079495,0.949454,0.0050,1.173963,1.710532,1.8016
0.3,1.0,4,learned_h,2.146463,1.146463,0.054490,0.072743,0.901670,0.0050,1.115420,1.595257,1.7692
0.3,1.0,4,random_h,2.625609,1.625609,0.054490,0.072743,0.901670,0.0050,1.115420,1.595257,1.7692
0.3,1.0,4,naive,2.745225,1.745225,0.054490,0.072743,0.901670,0.0050,1.115420,1.595257,1.7692
0.3,1.0,4,x_adjust,2.025207,1.025207,0.054490,0.072743,0.901670,0.0050,1.115420,1.595257,1.7692
0.3,1.0,4,xw_adjust,1.309840,0.309840,0.054490,0.072743,0.901670,0.0050,1.115420,1.595257,1.7692
0.3,1.0,4,oracle_xu,1.053332,0.053332,0.054490,0.072743,0.901670,0.0050,1.115420,1.595257,1.7692
0.3,1.0,5,learned_h,2.158415,1.158415,0.047485,0.075643,0.866576,0.0050,1.183744,1.567813,1.8092
0.3,1.0,5,random_h,2.872659,1.872659,0.047485,0.075643,0.866576,0.0050,1.183744,1.567813,1.8092
0.3,1.0,5,naive,2.879545,1.879545,0.047485,0.075643,0.866576,0.0050,1.183744,1.567813,1.8092
0.3,1.0,5,x_adjust,2.059521,1.059521,0.047485,0.075643,0.866576,0.0050,1.183744,1.567813,1.8092
0.3,1.0,5,xw_adjust,1.370230,0.370230,0.047485,0.075643,0.866576,0.0050,1.183744,1.567813,1.8092
0.3,1.0,5,oracle_xu,1.186807,0.186807,0.047485,0.075643,0.866576,0.0050,1.183744,1.567813,1.8092
0.3,1.0,6,learned_h,2.179792,1.179792,0.054373,0.069491,0.910235,0.0050,1.162130,1.634097,1.7952
0.3,1.0,6,random_h,2.741474,1.741474,0.054373,0.069491,0.910235,0.0050,1.162130,1.634097,1.7952
0.3,1.0,6,naive,2.764932,1.764932,0.054373,0.069491,0.910235,0.0050,1.162130,1.634097,1.7952
0.3,1.0,6,x_adjust,2.077308,1.077308,0.054373,0.069491,0.910235,0.0050,1.162130,1.634097,1.7952
0.3,1.0,6,xw_adjust,1.281652,0.281652,0.054373,0.069491,0.910235,0.0050,1.162130,1.634097,1.7952
0.3,1.0,6,oracle_xu,1.063416,0.063416,0.054373,0.069491,0.910235,0.0050,1.162130,1.634097,1.7952
0.3,1.0,7,learned_h,2.280616,1.280616,0.053775,0.076115,0.922306,0.0050,1.241809,1.645294,1.7839
0.3,1.0,7,random_h,2.739037,1.739037,0.053775,0.076115,0.922306,0.0050,1.241809,1.645294,1.7839
0.3,1.0,7,naive,2.934802,1.934802,0.053775,0.076115,0.922306,0.0050,1.241809,1.645294,1.7839
0.3,1.0,7,x_adjust,1.956123,0.956123,0.053775,0.076115,0.922306,0.0050,1.241809,1.645294,1.7839
0.3,1.0,7,xw_adjust,1.259357,0.259357,0.053775,0.076115,0.922306,0.0050,1.241809,1.645294,1.7839
0.3,1.0,7,oracle_xu,1.044926,0.044926,0.053775,0.076115,0.922306,0.0050,1.241809,1.645294,1.7839
0.3,1.0,8,learned_h,2.114247,1.114247,0.046361,0.070092,0.930339,0.0050,1.119301,1.679936,1.8057
0.3,1.0,8,random_h,2.662160,1.662160,0.046361,0.070092,0.930339,0.0050,1.119301,1.679936,1.8057
0.3,1.0,8,naive,2.871170,1.871170,0.046361,0.070092,0.930339,0.0050,1.119301,1.679936,1.8057
0.3,1.0,8,x_adjust,2.040338,1.040338,0.046361,0.070092,0.930339,0.0050,1.119301,1.679936,1.8057
0.3,1.0,8,xw_adjust,1.259386,0.259386,0.046361,0.070092,0.930339,0.0050,1.119301,1.679936,1.8057
0.3,1.0,8,oracle_xu,1.098746,0.098746,0.046361,0.070092,0.930339,0.0050,1.119301,1.679936,1.8057
0.3,1.0,9,learned_h,2.162444,1.162444,0.050073,0.080636,0.870419,0.0050,1.145377,1.565084,1.7981
0.3,1.0,9,random_h,2.844247,1.844247,0.050073,0.080636,0.870419,0.0050,1.145377,1.565084,1.7981
0.3,1.0,9,naive,2.856168,1.856168,0.050073,0.080636,0.870419,0.0050,1.145377,1.565084,1.7981
0.3,1.0,9,x_adjust,2.149323,1.149323,0.050073,0.080636,0.870419,0.0050,1.145377,1.565084,1.7981
0.3,1.0,9,xw_adjust,1.329591,0.329591,0.050073,0.080636,0.870419,0.0050,1.145377,1.565084,1.7981
0.3,1.0,9,oracle_xu,1.117958,0.117958,0.050073,0.080636,0.870419,0.0050,1.145377,1.565084,1.7981
0.3,1.0,10,learned_h,2.172151,1.172151,0.051057,0.070612,0.926046,0.0050,1.156419,1.657361,1.7897
0.3,1.0,10,random_h,2.558760,1.558760,0.051057,0.070612,0.926046,0.0050,1.156419,1.657361,1.7897
0.3,1.0,10,naive,2.789337,1.789337,0.051057,0.070612,0.926046,0.0050,1.156419,1.657361,1.7897
0.3,1.0,10,x_adjust,2.052968,1.052968,0.051057,0.070612,0.926046,0.0050,1.156419,1.657361,1.7897
0.3,1.0,10,xw_adjust,1.321619,0.321619,0.051057,0.070612,0.926046,0.0050,1.156419,1.657361,1.7897
0.3,1.0,10,oracle_xu,1.068650,0.068650,0.051057,0.070612,0.926046,0.0050,1.156419,1.657361,1.7897
0.3,1.0,11,learned_h,2.238055,1.238055,0.055515,0.079832,1.045001,0.0050,1.266274,1.868663,1.7882
0.3,1.0,11,random_h,2.781149,1.781149,0.055515,0.079832,1.045001,0.0050,1.266274,1.868663,1.7882
0.3,1.0,11,naive,2.894311,1.894311,0.055515,0.079832,1.045001,0.0050,1.266274,1.868663,1.7882
0.3,1.0,11,x_adjust,1.978533,0.978533,0.055515,0.079832,1.045001,0.0050,1.266274,1.868663,1.7882
0.3,1.0,11,xw_adjust,1.238416,0.238416,0.055515,0.079832,1.045001,0.0050,1.266274,1.868663,1.7882
0.3,1.0,11,oracle_xu,1.097078,0.097078,0.055515,0.079832,1.045001,0.0050,1.266274,1.868663,1.7882
0.3,2.0,0,learned_h,2.816362,1.816362,0.079266,0.091879,1.250762,0.0050,1.818663,2.226730,1.7803
0.3,2.0,0,random_h,3.065276,2.065276,0.079266,0.091879,1.250762,0.0050,1.818663,2.226730,1.7803
0.3,2.0,0,naive,3.259976,2.259976,0.079266,0.091879,1.250762,0.0050,1.818663,2.226730,1.7803
0.3,2.0,0,x_adjust,2.484693,1.484693,0.079266,0.091879,1.250762,0.0050,1.818663,2.226730,1.7803
0.3,2.0,0,xw_adjust,1.480550,0.480550,0.079266,0.091879,1.250762,0.0050,1.818663,2.226730,1.7803
0.3,2.0,0,oracle_xu,1.113010,0.113010,0.079266,0.091879,1.250762,0.0050,1.818663,2.226730,1.7803
0.3,2.0,1,learned_h,2.572165,1.572165,0.073610,0.094065,1.178157,0.0050,1.577156,2.065843,1.7535
0.3,2.0,1,random_h,3.065209,2.065209,0.073610,0.094065,1.178157,0.0050,1.577156,2.065843,1.7535
0.3,2.0,1,naive,3.156938,2.156938,0.073610,0.094065,1.178157,0.0050,1.577156,2.065843,1.7535
0.3,2.0,1,x_adjust,2.517542,1.517542,0.073610,0.094065,1.178157,0.0050,1.577156,2.065843,1.7535
0.3,2.0,1,xw_adjust,1.560090,0.560090,0.073610,0.094065,1.178157,0.0050,1.577156,2.065843,1.7535
0.3,2.0,1,oracle_xu,1.211583,0.211583,0.073610,0.094065,1.178157,0.0050,1.577156,2.065843,1.7535
0.3,2.0,2,learned_h,2.770201,1.770201,0.075106,0.095793,1.222875,0.0050,1.717185,2.217265,1.8132
0.3,2.0,2,random_h,3.257301,2.257301,0.075106,0.095793,1.222875,0.0050,1.717185,2.217265,1.8132
0.3,2.0,2,naive,3.438842,2.438842,0.075106,0.095793,1.222875,0.0050,1.717185,2.217265,1.8132
0.3,2.0,2,x_adjust,2.507541,1.507541,0.075106,0.095793,1.222875,0.0050,1.717185,2.217265,1.8132
0.3,2.0,2,xw_adjust,1.522506,0.522506,0.075106,0.095793,1.222875,0.0050,1.717185,2.217265,1.8132
0.3,2.0,2,oracle_xu,1.147587,0.147587,0.075106,0.095793,1.222875,0.0050,1.717185,2.217265,1.8132
0.3,2.0,3,learned_h,2.644271,1.644271,0.073530,0.095280,1.200203,0.0050,1.616425,2.154530,1.7951
0.3,2.0,3,random_h,3.323965,2.323965,0.073530,0.095280,1.200203,0.0050,1.616425,2.154530,1.7951
0.3,2.0,3,naive,3.320504,2.320504,0.073530,0.095280,1.200203,0.0050,1.616425,2.154530,1.7951
0.3,2.0,3,x_adjust,2.551559,1.551559,0.073530,0.095280,1.200203,0.0050,1.616425,2.154530,1.7951
0.3,2.0,3,xw_adjust,1.423118,0.423118,0.073530,0.095280,1.200203,0.0050,1.616425,2.154530,1.7951
0.3,2.0,3,oracle_xu,1.122720,0.122720,0.073530,0.095280,1.200203,0.0050,1.616425,2.154530,1.7951
0.3,2.0,4,learned_h,2.586881,1.586881,0.073452,0.094238,1.231891,0.0050,1.607569,2.192315,1.7796
0.3,2.0,4,random_h,3.075587,2.075587,0.073452,0.094238,1.231891,0.0050,1.607569,2.192315,1.7796
0.3,2.0,4,naive,3.227641,2.227641,0.073452,0.094238,1.231891,0.0050,1.607569,2.192315,1.7796
0.3,2.0,4,x_adjust,2.670396,1.670396,0.073452,0.094238,1.231891,0.0050,1.607569,2.192315,1.7796
0.3,2.0,4,xw_adjust,1.563450,0.563450,0.073452,0.094238,1.231891,0.0050,1.607569,2.192315,1.7796
0.3,2.0,4,oracle_xu,1.215499,0.215499,0.073452,0.094238,1.231891,0.0050,1.607569,2.192315,1.7796
0.3,2.0,5,learned_h,2.780449,1.780449,0.080666,0.099599,1.251490,0.0050,1.751824,2.263853,1.8089
0.3,2.0,5,random_h,3.270167,2.270167,0.080666,0.099599,1.251490,0.0050,1.751824,2.263853,1.8089
0.3,2.0,5,naive,3.332776,2.332776,0.080666,0.099599,1.251490,0.0050,1.751824,2.263853,1.8089
0.3,2.0,5,x_adjust,2.595659,1.595659,0.080666,0.099599,1.251490,0.0050,1.751824,2.263853,1.8089
0.3,2.0,5,xw_adjust,1.547727,0.547727,0.080666,0.099599,1.251490,0.0050,1.751824,2.263853,1.8089
0.3,2.0,5,oracle_xu,1.209081,0.209081,0.080666,0.099599,1.251490,0.0050,1.751824,2.263853,1.8089
0.3,2.0,6,learned_h,2.605862,1.605862,0.077282,0.094697,1.262094,0.0050,1.633700,2.236156,1.7718
0.3,2.0,6,random_h,3.217390,2.217390,0.077282,0.094697,1.262094,0.0050,1.633700,2.236156,1.7718
0.3,2.0,6,naive,3.232996,2.232996,0.077282,0.094697,1.262094,0.0050,1.633700,2.236156,1.7718
0.3,2.0,6,x_adjust,2.552927,1.552927,0.077282,0.094697,1.262094,0.0050,1.633700,2.236156,1.7718
0.3,2.0,6,xw_adjust,1.491310,0.491310,0.077282,0.094697,1.262094,0.0050,1.633700,2.236156,1.7718
0.3,2.0,6,oracle_xu,1.076420,0.076420,0.077282,0.094697,1.262094,0.0050,1.633700,2.236156,1.7718
0.3,2.0,7,learned_h,2.656891,1.656891,0.074948,0.085953,1.259150,0.0050,1.675643,2.256569,1.7921
0.3,2.0,7,random_h,3.046210,2.046210,0.074948,0.085953,1.259150,0.0050,1.675643,2.256569,1.7921
0.3,2.0,7,naive,3.404196,2.404196,0.074948,0.085953,1.259150,0.0050,1.675643,2.256569,1.7921
0.3,2.0,7,x_adjust,2.488134,1.488134,0.074948,0.085953,1.259150,0.0050,1.675643,2.256569,1.7921
0.3,2.0,7,xw_adjust,1.502623,0.502623,0.074948,0.085953,1.259150,0.0050,1.675643,2.256569,1.7921
0.3,2.0,7,oracle_xu,1.176531,0.176531,0.074948,0.085953,1.259150,0.0050,1.675643,2.256569,1.7921
0.3,2.0,8,learned_h,2.656716,1.656716,0.078099,0.098207,1.190884,0.0050,1.671042,2.135300,1.7930
0.3,2.0,8,random_h,3.057217,2.057217,0.078099,0.098207,1.190884,0.0050,1.671042,2.135300,1.7930
0.3,2.0,8,naive,3.255503,2.255503,0.078099,0.098207,1.190884,0.0050,1.671042,2.135300,1.7930
0.3,2.0,8,x_adjust,2.502879,1.502879,0.078099,0.098207,1.190884,0.0050,1.671042,2.135300,1.7930
0.3,2.0,8,xw_adjust,1.552135,0.552135,0.078099,0.098207,1.190884,0.0050,1.671042,2.135300,1.7930
0.3,2.0,8,oracle_xu,1.186888,0.186888,0.078099,0.098207,1.190884,0.0050,1.671042,2.135300,1.7930
0.3,2.0,9,learned_h,2.901010,1.901010,0.085825,0.109381,1.316113,0.0050,1.858970,2.383218,1.8108
0.3,2.0,9,random_h,3.317366,2.317366,0.085825,0.109381,1.316113,0.0050,1.858970,2.383218,1.8108
0.3,2.0,9,naive,3.466338,2.466338,0.085825,0.109381,1.316113,0.0050,1.858970,2.383218,1.8108
0.3,2.0,9,x_adjust,2.607146,1.607146,0.085825,0.109381,1.316113,0.0050,1.858970,2.383218,1.8108
0.3,2.0,9,xw_adjust,1.475774,0.475774,0.085825,0.109381,1.316113,0.0050,1.858970,2.383218,1.8108
0.3,2.0,9,oracle_xu,1.116096,0.116096,0.085825,0.109381,1.316113,0.0050,1.858970,2.383218,1.8108
0.3,2.0,10,learned_h,2.766012,1.766012,0.081389,0.094225,1.272958,0.0050,1.787166,2.240874,1.7604
0.3,2.0,10,random_h,2.941699,1.941699,0.081389,0.094225,1.272958,0.0050,1.787166,2.240874,1.7604
0.3,2.0,10,naive,3.303727,2.303727,0.081389,0.094225,1.272958,0.0050,1.787166,2.240874,1.7604
0.3,2.0,10,x_adjust,2.624652,1.624652,0.081389,0.094225,1.272958,0.0050,1.787166,2.240874,1.7604
0.3,2.0,10,xw_adjust,1.556232,0.556232,0.081389,0.094225,1.272958,0.0050,1.787166,2.240874,1.7604
0.3,2.0,10,oracle_xu,1.126329,0.126329,0.081389,0.094225,1.272958,0.0050,1.787166,2.240874,1.7604
0.3,2.0,11,learned_h,2.637347,1.637347,0.073048,0.097620,1.134909,0.0050,1.591973,2.035037,1.7931
0.3,2.0,11,random_h,3.338547,2.338547,0.073048,0.097620,1.134909,0.0050,1.591973,2.035037,1.7931
0.3,2.0,11,naive,3.365560,2.365560,0.073048,0.097620,1.134909,0.0050,1.591973,2.035037,1.7931
0.3,2.0,11,x_adjust,2.615333,1.615333,0.073048,0.097620,1.134909,0.0050,1.591973,2.035037,1.7931
0.3,2.0,11,xw_adjust,1.578138,0.578138,0.073048,0.097620,1.134909,0.0050,1.591973,2.035037,1.7931
0.3,2.0,11,oracle_xu,1.231697,0.231697,0.073048,0.097620,1.134909,0.0050,1.591973,2.035037,1.7931
1.0,0.5,0,learned_h,1.642374,0.642374,0.027271,0.039743,0.658547,0.0050,0.651746,1.167479,1.7728
1.0,0.5,0,random_h,1.869575,0.869575,0.027271,0.039743,0.658547,0.0050,0.651746,1.167479,1.7728
1.0,0.5,0,naive,2.283279,1.283279,0.027271,0.039743,0.658547,0.0050,0.651746,1.167479,1.7728
1.0,0.5,0,x_adjust,1.498483,0.498483,0.027271,0.039743,0.658547,0.0050,0.651746,1.167479,1.7728
1.0,0.5,0,xw_adjust,1.252710,0.252710,0.027271,0.039743,0.658547,0.0050,0.651746,1.167479,1.7728
1.0,0.5,0,oracle_xu,1.082649,0.082649,0.027271,0.039743,0.658547,0.0050,0.651746,1.167479,1.7728
1.0,0.5,1,learned_h,1.740097,0.740097,0.033601,0.055577,0.774928,0.0050,0.741295,1.409069,1.8183
1.0,0.5,1,random_h,2.454434,1.454434,0.033601,0.055577,0.774928,0.0050,0.741295,1.409069,1.8183
1.0,0.5,1,naive,2.454913,1.454913,0.033601,0.055577,0.774928,0.0050,0.741295,1.409069,1.8183
1.0,0.5,1,x_adjust,1.370979,0.370979,0.033601,0.055577,0.774928,0.0050,0.741295,1.409069,1.8183
1.0,0.5,1,xw_adjust,1.264645,0.264645,0.033601,0.055577,0.774928,0.0050,0.741295,1.409069,1.8183
1.0,0.5,1,oracle_xu,1.059461,0.059461,0.033601,0.055577,0.774928,0.0050,0.741295,1.409069,1.8183
1.0,0.5,2,learned_h,1.567024,0.567024,0.028586,0.049484,0.742567,0.0050,0.608357,1.318680,1.7758
1.0,0.5,2,random_h,2.130151,1.130151,0.028586,0.049484,0.742567,0.0050,0.608357,1.318680,1.7758
1.0,0.5,2,naive,2.306062,1.306062,0.028586,0.049484,0.742567,0.0050,0.608357,1.318680,1.7758
1.0,0.5,2,x_adjust,1.433554,0.433554,0.028586,0.049484,0.742567,0.0050,0.608357,1.318680,1.7758
1.0,0.5,2,xw_adjust,1.242978,0.242978,0.028586,0.049484,0.742567,0.0050,0.608357,1.318680,1.7758
1.0,0.5,2,oracle_xu,1.035937,0.035937,0.028586,0.049484,0.742567,0.0050,0.608357,1.318680,1.7758
1.0,0.5,3,learned_h,1.672222,0.672222,0.029657,0.054690,0.751396,0.0050,0.666220,1.356517,1.8053
1.0,0.5,3,random_h,2.431815,1.431815,0.029657,0.054690,0.751396,0.0050,0.666220,1.356517,1.8053
1.0,0.5,3,naive,2.461139,1.461139,0.029657,0.054690,0.751396,0.0050,0.666220,1.356517,1.8053
1.0,0.5,3,x_adjust,1.630271,0.630271,0.029657,0.054690,0.751396,0.0050,0.666220,1.356517,1.8053
1.0,0.5,3,xw_adjust,1.368972,0.368972,0.029657,0.054690,0.751396,0.0050,0.666220,1.356517,1.8053
1.0,0.5,3,oracle_xu,1.061496,0.061496,0.029657,0.054690,0.751396,0.0050,0.666220,1.356517,1.8053
1.0,0.5,4,learned_h,1.756286,0.756286,0.030862,0.045133,0.737081,0.0050,0.743793,1.332632,1.8080
1.0,0.5,4,random_h,2.068804,1.068804,0.030862,0.045133,0.737081,0.0050,0.743793,1.332632,1.8080
1.0,0.5,4,naive,2.335700,1.335700,0.030862,0.045133,0.737081,0.0050,0.743793,1.332632,1.8080
1.0,0.5,4,x_adjust,1.578003,0.578003,0.030862,0.045133,0.737081,0.0050,0.743793,1.332632,1.8080
1.0,0.5,4,xw_adjust,1.380579,0.380579,0.030862,0.045133,0.737081,0.0050,0.743793,1.332632,1.8080
1.0,0.5,4,oracle_xu,1.084677,0.084677,0.030862,0.045133,0.737081,0.0050,0.743793,1.332632,1.8080
1.0,0.5,5,learned_h,1.987021,0.987021,0.037267,0.057764,0.894190,0.0050,0.962627,1.648854,1.8440
1.0,0.5,5,random_h,2.399947,1.399947,0.037267,0.057764,0.894190,0.0050,0.962627,1.648854,1.8440
1.0,0.5,5,naive,2.559567,1.559567,0.037267,0.057764,0.894190,0.0050,0.962627,1.648854,1.8440
1.0,0.5,5,x_adjust,1.442815,0.442815,0.037267,0.057764,0.894190,0.0050,0.962627,1.648854,1.8440
1.0,0.5,5,xw_adjust,1.293590,0.293590,0.037267,0.057764,0.894190,0.0050,0.962627,1.648854,1.8440
1.0,0.5,5,oracle_xu,1.031857,0.031857,0.037267,0.057764,0.894190,0.0050,0.962627,1.648854,1.8440
1.0,0.5,6,learned_h,1.714695,0.714695,0.029302,0.044071,0.669391,0.0050,0.702975,1.212183,1.8109
1.0,0.5,6,random_h,2.221203,1.221203,0.029302,0.044071,0.669391,0.0050,0.702975,1.212183,1.8109
1.0,0.5,6,naive,2.318874,1.318874,0.029302,0.044071,0.669391,0.0050,0.702975,1.212183,1.8109
1.0,0.5,6,x_adjust,1.508116,0.508116,0.029302,0.044071,0.669391,0.0050,0.702975,1.212183,1.8109
1.0,0.5,6,xw_adjust,1.297438,0.297438,0.029302,0.044071,0.669391,0.0050,0.702975,1.212183,1.8109
1.0,0.5,6,oracle_xu,0.979760,0.020240,0.029302,0.044071,0.669391,0.0050,0.702975,1.212183,1.8109
1.0,0.5,7,learned_h,1.446993,0.446993,0.023809,0.043337,0.536510,0.0050,0.462440,0.945408,1.7621
1.0,0.5,7,random_h,1.957091,0.957091,0.023809,0.043337,0.536510,0.0050,0.462440,0.945408,1.7621
1.0,0.5,7,naive,2.137605,1.137605,0.023809,0.043337,0.536510,0.0050,0.462440,0.945408,1.7621
1.0,0.5,7,x_adjust,1.519083,0.519083,0.023809,0.043337,0.536510,0.0050,0.462440,0.945408,1.7621
1.0,0.5,7,xw_adjust,1.316682,0.316682,0.023809,0.043337,0.536510,0.0050,0.462440,0.945408,1.7621
1.0,0.5,7,oracle_xu,0.981886,0.018114,0.023809,0.043337,0.536510,0.0050,0.462440,0.945408,1.7621
1.0,0.5,8,learned_h,1.686230,0.686230,0.024304,0.034339,0.645705,0.0050,0.660252,1.163034,1.8012
1.0,0.5,8,random_h,2.024346,1.024346,0.024304,0.034339,0.645705,0.0050,0.660252,1.163034,1.8012
1.0,0.5,8,naive,2.414435,1.414435,0.024304,0.034339,0.645705,0.0050,0.660252,1.163034,1.8012
1.0,0.5,8,x_adjust,1.587588,0.587588,0.024304,0.034339,0.645705,0.0050,0.660252,1.163034,1.8012
1.0,0.5,8,xw_adjust,1.361390,0.361390,0.024304,0.034339,0.645705,0.0050,0.660252,1.163034,1.8012
1.0,0.5,8,oracle_xu,1.059588,0.059588,0.024304,0.034339,0.645705,0.0050,0.660252,1.163034,1.8012
1.0,0.5,9,learned_h,1.554499,0.554499,0.027183,0.050499,0.595371,0.0050,0.581980,1.069198,1.7959
1.0,0.5,9,random_h,2.195735,1.195735,0.027183,0.050499,0.595371,0.0050,0.581980,1.069198,1.7959
1.0,0.5,9,naive,2.276739,1.276739,0.027183,0.050499,0.595371,0.0050,0.581980,1.069198,1.7959
1.0,0.5,9,x_adjust,1.583686,0.583686,0.027183,0.050499,0.595371,0.0050,0.581980,1.069198,1.7959
1.0,0.5,9,xw_adjust,1.360716,0.360716,0.027183,0.050499,0.595371,0.0050,0.581980,1.069198,1.7959
1.0,0.5,9,oracle_xu,1.050402,0.050402,0.027183,0.050499,0.595371,0.0050,0.581980,1.069198,1.7959
1.0,0.5,10,learned_h,1.518750,0.518750,0.030971,0.049598,0.695595,0.0050,0.576504,1.255753,1.8053
1.0,0.5,10,random_h,2.092281,1.092281,0.030971,0.049598,0.695595,0.0050,0.576504,1.255753,1.8053
1.0,0.5,10,naive,2.093055,1.093055,0.030971,0.049598,0.695595,0.0050,0.576504,1.255753,1.8053
1.0,0.5,10,x_adjust,1.578048,0.578048,0.030971,0.049598,0.695595,0.0050,0.576504,1.255753,1.8053
1.0,0.5,10,xw_adjust,1.415509,0.415509,0.030971,0.049598,0.695595,0.0050,0.576504,1.255753,1.8053
1.0,0.5,10,oracle_xu,1.084164,0.084164,0.030971,0.049598,0.695595,0.0050,0.576504,1.255753,1.8053
1.0,0.5,11,learned_h,1.756697,0.756697,0.031832,0.049328,0.721105,0.0050,0.709221,1.280774,1.7761
1.0,0.5,11,random_h,2.162349,1.162349,0.031832,0.049328,0.721105,0.0050,0.709221,1.280774,1.7761
1.0,0.5,11,naive,2.321683,1.321683,0.031832,0.049328,0.721105,0.0050,0.709221,1.280774,1.7761
1.0,0.5,11,x_adjust,1.423066,0.423066,0.031832,0.049328,0.721105,0.0050,0.709221,1.280774,1.7761
1.0,0.5,11,xw_adjust,1.229956,0.229956,0.031832,0.049328,0.721105,0.0050,0.709221,1.280774,1.7761
1.0,0.5,11,oracle_xu,1.060913,0.060913,0.031832,0.049328,0.721105,0.0050,0.709221,1.280774,1.7761
1.0,1.0,0,learned_h,2.243543,1.243543,0.047066,0.066685,1.003528,0.0050,1.220782,1.798314,1.7920
1.0,1.0,0,random_h,2.933681,1.933681,0.047066,0.066685,1.003528,0.0050,1.220782,1.798314,1.7920
1.0,1.0,0,naive,2.960815,1.960815,0.047066,0.066685,1.003528,0.0050,1.220782,1.798314,1.7920
1.0,1.0,0,x_adjust,2.017964,1.017964,0.047066,0.066685,1.003528,0.0050,1.220782,1.798314,1.7920
1.0,1.0,0,xw_adjust,1.607603,0.607603,0.047066,0.066685,1.003528,0.0050,1.220782,1.798314,1.7920
1.0,1.0,0,oracle_xu,1.060234,0.060234,0.047066,0.066685,1.003528,0.0050,1.220782,1.798314,1.7920
1.0,1.0,1,learned_h,2.078897,1.078897,0.034704,0.059311,0.865397,0.0050,1.071795,1.539851,1.7794
1.0,1.0,1,random_h,2.807909,1.807909,0.034704,0.059311,0.865397,0.0050,1.071795,1.539851,1.7794
1.0,1.0,1,naive,2.834213,1.834213,0.034704,0.059311,0.865397,0.0050,1.071795,1.539851,1.7794
1.0,1.0,1,x_adjust,1.982952,0.982952,0.034704,0.059311,0.865397,0.0050,1.071795,1.539851,1.7794
1.0,1.0,1,xw_adjust,1.633795,0.633795,0.034704,0.059311,0.865397,0.0050,1.071795,1.539851,1.7794
1.0,1.0,1,oracle_xu,1.067681,0.067681,0.034704,0.059311,0.865397,0.0050,1.071795,1.539851,1.7794
1.0,1.0,2,learned_h,2.122379,1.122379,0.039278,0.064232,0.918270,0.0050,1.094255,1.625493,1.7702
1.0,1.0,2,random_h,2.727937,1.727937,0.039278,0.064232,0.918270,0.0050,1.094255,1.625493,1.7702
1.0,1.0,2,naive,2.830633,1.830633,0.039278,0.064232,0.918270,0.0050,1.094255,1.625493,1.7702
1.0,1.0,2,x_adjust,2.010726,1.010726,0.039278,0.064232,0.918270,0.0050,1.094255,1.625493,1.7702
1.0,1.0,2,xw_adjust,1.640114,0.640114,0.039278,0.064232,0.918270,0.0050,1.094255,1.625493,1.7702
1.0,1.0,2,oracle_xu,1.040987,0.040987,0.039278,0.064232,0.918270,0.0050,1.094255,1.625493,1.7702
1.0,1.0,3,learned_h,2.104327,1.104327,0.037485,0.056327,0.896798,0.0050,1.067880,1.599124,1.7831
1.0,1.0,3,random_h,2.665979,1.665979,0.037485,0.056327,0.896798,0.0050,1.067880,1.599124,1.7831
1.0,1.0,3,naive,2.717169,1.717169,0.037485,0.056327,0.896798,0.0050,1.067880,1.599124,1.7831
1.0,1.0,3,x_adjust,2.011584,1.011584,0.037485,0.056327,0.896798,0.0050,1.067880,1.599124,1.7831
1.0,1.0,3,xw_adjust,1.713609,0.713609,0.037485,0.056327,0.896798,0.0050,1.067880,1.599124,1.7831
1.0,1.0,3,oracle_xu,1.088860,0.088860,0.037485,0.056327,0.896798,0.0050,1.067880,1.599124,1.7831
1.0,1.0,4,learned_h,2.136609,1.136609,0.037722,0.057536,0.845118,0.0050,1.120964,1.533035,1.8140
1.0,1.0,4,random_h,2.745015,1.745015,0.037722,0.057536,0.845118,0.0050,1.120964,1.533035,1.8140
1.0,1.0,4,naive,2.775593,1.775593,0.037722,0.057536,0.845118,0.0050,1.120964,1.533035,1.8140
1.0,1.0,4,x_adjust,1.912640,0.912640,0.037722,0.057536,0.845118,0.0050,1.120964,1.533035,1.8140
1.0,1.0,4,xw_adjust,1.546678,0.546678,0.037722,0.057536,0.845118,0.0050,1.120964,1.533035,1.8140
1.0,1.0,4,oracle_xu,1.114665,0.114665,0.037722,0.057536,0.845118,0.0050,1.120964,1.533035,1.8140
1.0,1.0,5,learned_h,2.306368,1.306368,0.041386,0.046788,0.925604,0.0050,1.264384,1.636009,1.7675
1.0,1.0,5,random_h,2.424514,1.424514,0.041386,0.046788,0.925604,0.0050,1.264384,1.636009,1.7675
1.0,1.0,5,naive,2.857844,1.857844,0.041386,0.046788,0.925604,0.0050,1.264384,1.636009,1.7675
1.0,1.0,5,x_adjust,2.068237,1.068237,0.041386,0.046788,0.925604,0.0050,1.264384,1.636009,1.7675
1.0,1.0,5,xw_adjust,1.632327,0.632327,0.041386,0.046788,0.925604,0.0050,1.264384,1.636009,1.7675
1.0,1.0,5,oracle_xu,1.057578,0.057578,0.041386,0.046788,0.925604,0.0050,1.264384,1.636009,1.7675
1.0,1.0,6,learned_h,2.218063,1.218063,0.037899,0.064781,0.920106,0.0050,1.192590,1.646416,1.7894
1.0,1.0,6,random_h,2.728256,1.728256,0.037899,0.064781,0.920106,0.0050,1.192590,1.646416,1.7894
1.0,1.0,6,naive,2.843983,1.843983,0.037899,0.064781,0.920106,0.0050,1.192590,1.646416,1.7894
1.0,1.0,6,x_adjust,2.031004,1.031004,0.037899,0.064781,0.920106,0.0050,1.192590,1.646416,1.7894
1.0,1.0,6,xw_adjust,1.629467,0.629467,0.037899,0.064781,0.920106,0.0050,1.192590,1.646416,1.7894
1.0,1.0,6,oracle_xu,1.062726,0.062726,0.037899,0.064781,0.920106,0.0050,1.192590,1.646416,1.7894
1.0,1.0,7,learned_h,2.237831,1.237831,0.038900,0.057986,0.910719,0.0050,1.208554,1.642196,1.8032
1.0,1.0,7,random_h,2.667850,1.667850,0.038900,0.057986,0.910719,0.0050,1.208554,1.642196,1.8032
1.0,1.0,7,naive,2.873304,1.873304,0.038900,0.057986,0.910719,0.0050,1.208554,1.642196,1.8032
1.0,1.0,7,x_adjust,2.117798,1.117798,0.038900,0.057986,0.910719,0.0050,1.208554,1.642196,1.8032
1.0,1.0,7,xw_adjust,1.753447,0.753447,0.038900,0.057986,0.910719,0.0050,1.208554,1.642196,1.8032
1.0,1.0,7,oracle_xu,1.098427,0.098427,0.038900,0.057986,0.910719,0.0050,1.208554,1.642196,1.8032
1.0,1.0,8,learned_h,2.136570,1.136570,0.041235,0.058913,0.873740,0.0050,1.085324,1.537882,1.7601
1.0,1.0,8,random_h,2.582115,1.582115,0.041235,0.058913,0.873740,0.0050,1.085324,1.537882,1.7601
1.0,1.0,8,naive,2.831224,1.831224,0.041235,0.058913,0.873740,0.0050,1.085324,1.537882,1.7601
1.0,1.0,8,x_adjust,2.061906,1.061906,0.041235,0.058913,0.873740,0.0050,1.085324,1.537882,1.7601
1.0,1.0,8,xw_adjust,1.710498,0.710498,0.041235,0.058913,0.873740,0.0050,1.085324,1.537882,1.7601
1.0,1.0,8,oracle_xu,1.135318,0.135318,0.041235,0.058913,0.873740,0.0050,1.085324,1.537882,1.7601
1.0,1.0,9,learned_h,2.198844,1.198844,0.036879,0.054712,0.914045,0.0050,1.210964,1.635635,1.7894
1.0,1.0,9,random_h,2.706435,1.706435,0.036879,0.054712,0.914045,0.0050,1.210964,1.635635,1.7894
1.0,1.0,9,naive,2.863787,1.863787,0.036879,0.054712,0.914045,0.0050,1.210964,1.635635,1.7894
1.0,1.0,9,x_adjust,1.903925,0.903925,0.036879,0.054712,0.914045,0.0050,1.210964,1.635635,1.7894
1.0,1.0,9,xw_adjust,1.547553,0.547553,0.036879,0.054712,0.914045,0.0050,1.210964,1.635635,1.7894
1.0,1.0,9,oracle_xu,1.015634,0.015634,0.036879,0.054712,0.914045,0.0050,1.210964,1.635635,1.7894
1.0,1.0,10,learned_h,2.113931,1.113931,0.042199,0.061893,0.930406,0.0050,1.113798,1.675737,1.8011
1.0,1.0,10,random_h,2.691055,1.691055,0.042199,0.061893,0.930406,0.0050,1.113798,1.675737,1.8011
1.0,1.0,10,naive,2.724823,1.724823,0.042199,0.061893,0.930406,0.0050,1.113798,1.675737,1.8011
1.0,1.0,10,x_adjust,1.955802,0.955802,0.042199,0.061893,0.930406,0.0050,1.113798,1.675737,1.8011
1.0,1.0,10,xw_adjust,1.662301,0.662301,0.042199,0.061893,0.930406,0.0050,1.113798,1.675737,1.8011
1.0,1.0,10,oracle_xu,1.054865,0.054865,0.042199,0.061893,0.930406,0.0050,1.113798,1.675737,1.8011
1.0,1.0,11,learned_h,2.206772,1.206772,0.043831,0.059160,0.942202,0.0050,1.214658,1.687374,1.7909
1.0,1.0,11,random_h,2.684321,1.684321,0.043831,0.059160,0.942202,0.0050,1.214658,1.687374,1.7909
1.0,1.0,11,naive,2.852387,1.852387,0.043831,0.059160,0.942202,0.0050,1.214658,1.687374,1.7909
1.0,1.0,11,x_adjust,2.021241,1.021241,0.043831,0.059160,0.942202,0.0050,1.214658,1.687374,1.7909
1.0,1.0,11,xw_adjust,1.684392,0.684392,0.043831,0.059160,0.942202,0.0050,1.214658,1.687374,1.7909
1.0,1.0,11,oracle_xu,1.101075,0.101075,0.043831,0.059160,0.942202,0.0050,1.214658,1.687374,1.7909
1.0,2.0,0,learned_h,2.580740,1.580740,0.062485,0.073080,1.219510,0.0050,1.564717,2.160513,1.7716
1.0,2.0,0,random_h,2.956119,1.956119,0.062485,0.073080,1.219510,0.0050,1.564717,2.160513,1.7716
1.0,2.0,0,naive,3.316666,2.316666,0.062485,0.073080,1.219510,0.0050,1.564717,2.160513,1.7716
1.0,2.0,0,x_adjust,2.558295,1.558295,0.062485,0.073080,1.219510,0.0050,1.564717,2.160513,1.7716
1.0,2.0,0,xw_adjust,2.012898,1.012898,0.062485,0.073080,1.219510,0.0050,1.564717,2.160513,1.7716
1.0,2.0,0,oracle_xu,1.093454,0.093454,0.062485,0.073080,1.219510,0.0050,1.564717,2.160513,1.7716
1.0,2.0,1,learned_h,2.593326,1.593326,0.062491,0.078158,1.217278,0.0050,1.621187,2.160365,1.7747
1.0,2.0,1,random_h,3.114299,2.114299,0.062491,0.078158,1.217278,0.0050,1.621187,2.160365,1.7747
1.0,2.0,1,naive,3.196943,2.196943,0.062491,0.078158,1.217278,0.0050,1.621187,2.160365,1.7747
1.0,2.0,1,x_adjust,2.616552,1.616552,0.062491,0.078158,1.217278,0.0050,1.621187,2.160365,1.7747
1.0,2.0,1,xw_adjust,2.234018,1.234018,0.062491,0.078158,1.217278,0.0050,1.621187,2.160365,1.7747
1.0,2.0,1,oracle_xu,1.236961,0.236961,0.062491,0.078158,1.217278,0.0050,1.621187,2.160365,1.7747
1.0,2.0,2,learned_h,2.846621,1.846621,0.062766,0.081458,1.292291,0.0050,1.868965,2.331256,1.8040
1.0,2.0,2,random_h,3.243306,2.243306,0.062766,0.081458,1.292291,0.0050,1.868965,2.331256,1.8040
1.0,2.0,2,naive,3.349707,2.349707,0.062766,0.081458,1.292291,0.0050,1.868965,2.331256,1.8040
1.0,2.0,2,x_adjust,2.562340,1.562340,0.062766,0.081458,1.292291,0.0050,1.868965,2.331256,1.8040
1.0,2.0,2,xw_adjust,2.086061,1.086061,0.062766,0.081458,1.292291,0.0050,1.868965,2.331256,1.8040
1.0,2.0,2,oracle_xu,1.120122,0.120122,0.062766,0.081458,1.292291,0.0050,1.868965,2.331256,1.8040
1.0,2.0,3,learned_h,2.643047,1.643047,0.058696,0.069858,1.171468,0.0050,1.653059,2.098851,1.7916
1.0,2.0,3,random_h,3.036388,2.036388,0.058696,0.069858,1.171468,0.0050,1.653059,2.098851,1.7916
1.0,2.0,3,naive,3.267954,2.267954,0.058696,0.069858,1.171468,0.0050,1.653059,2.098851,1.7916
1.0,2.0,3,x_adjust,2.571133,1.571133,0.058696,0.069858,1.171468,0.0050,1.653059,2.098851,1.7916
1.0,2.0,3,xw_adjust,2.074042,1.074042,0.058696,0.069858,1.171468,0.0050,1.653059,2.098851,1.7916
1.0,2.0,3,oracle_xu,1.177017,0.177017,0.058696,0.069858,1.171468,0.0050,1.653059,2.098851,1.7916
1.0,2.0,4,learned_h,2.723865,1.723865,0.054592,0.080987,1.220525,0.0050,1.673261,2.210496,1.8111
1.0,2.0,4,random_h,3.091792,2.091792,0.054592,0.080987,1.220525,0.0050,1.673261,2.210496,1.8111
1.0,2.0,4,naive,3.244736,2.244736,0.054592,0.080987,1.220525,0.0050,1.673261,2.210496,1.8111
1.0,2.0,4,x_adjust,2.567698,1.567698,0.054592,0.080987,1.220525,0.0050,1.673261,2.210496,1.8111
1.0,2.0,4,xw_adjust,2.119482,1.119482,0.054592,0.080987,1.220525,0.0050,1.673261,2.210496,1.8111
1.0,2.0,4,oracle_xu,1.128693,0.128693,0.054592,0.080987,1.220525,0.0050,1.673261,2.210496,1.8111
1.0,2.0,5,learned_h,2.772395,1.772395,0.057209,0.078363,1.238874,0.0050,1.808511,2.221777,1.7934
1.0,2.0,5,random_h,3.183607,2.183607,0.057209,0.078363,1.238874,0.0050,1.808511,2.221777,1.7934
1.0,2.0,5,naive,3.317488,2.317488,0.057209,0.078363,1.238874,0.0050,1.808511,2.221777,1.7934
1.0,2.0,5,x_adjust,2.559606,1.559606,0.057209,0.078363,1.238874,0.0050,1.808511,2.221777,1.7934
1.0,2.0,5,xw_adjust,2.118659,1.118659,0.057209,0.078363,1.238874,0.0050,1.808511,2.221777,1.7934
1.0,2.0,5,oracle_xu,1.140656,0.140656,0.057209,0.078363,1.238874,0.0050,1.808511,2.221777,1.7934
1.0,2.0,6,learned_h,2.575721,1.575721,0.060528,0.078123,1.195555,0.0050,1.586694,2.116712,1.7705
1.0,2.0,6,random_h,3.100587,2.100587,0.060528,0.078123,1.195555,0.0050,1.586694,2.116712,1.7705
1.0,2.0,6,naive,3.260131,2.260131,0.060528,0.078123,1.195555,0.0050,1.586694,2.116712,1.7705
1.0,2.0,6,x_adjust,2.502948,1.502948,0.060528,0.078123,1.195555,0.0050,1.586694,2.116712,1.7705
1.0,2.0,6,xw_adjust,2.000116,1.000116,0.060528,0.078123,1.195555,0.0050,1.586694,2.116712,1.7705
1.0,2.0,6,oracle_xu,1.156369,0.156369,0.060528,0.078123,1.195555,0.0050,1.586694,2.116712,1.7705
1.0,2.0,7,learned_h,2.722524,1.722524,0.062905,0.083390,1.262103,0.0050,1.718004,2.228576,1.7658
1.0,2.0,7,random_h,3.290899,2.290899,0.062905,0.083390,1.262103,0.0050,1.718004,2.228576,1.7658
1.0,2.0,7,naive,3.331243,2.331243,0.062905,0.083390,1.262103,0.0050,1.718004,2.228576,1.7658
1.0,2.0,7,x_adjust,2.615158,1.615158,0.062905,0.083390,1.262103,0.0050,1.718004,2.228576,1.7658
1.0,2.0,7,xw_adjust,2.094648,1.094648,0.062905,0.083390,1.262103,0.0050,1.718004,2.228576,1.7658
1.0,2.0,7,oracle_xu,1.160062,0.160062,0.062905,0.083390,1.262103,0.0050,1.718004,2.228576,1.7658
1.0,2.0,8,learned_h,2.767557,1.767557,0.062075,0.076635,1.282525,0.0050,1.759326,2.268071,1.7684
1.0,2.0,8,random_h,3.047938,2.047938,0.062075,0.076635,1.282525,0.0050,1.759326,2.268071,1.7684
1.0,2.0,8,naive,3.239680,2.239680,0.062075,0.076635,1.282525,0.0050,1.759326,2.268071,1.7684
1.0,2.0,8,x_adjust,2.443000,1.443000,0.062075,0.076635,1.282525,0.0050,1.759326,2.268071,1.7684
1.0,2.0,8,xw_adjust,2.085866,1.085866,0.062075,0.076635,1.282525,0.0050,1.759326,2.268071,1.7684
1.0,2.0,8,oracle_xu,1.127649,0.127649,0.062075,0.076635,1.282525,0.0050,1.759326,2.268071,1.7684
1.0,2.0,9,learned_h,2.832069,1.832069,0.056849,0.069384,1.288178,0.0050,1.796272,2.301358,1.7865
1.0,2.0,9,random_h,2.996348,1.996348,0.056849,0.069384,1.288178,0.0050,1.796272,2.301358,1.7865
1.0,2.0,9,naive,3.276094,2.276094,0.056849,0.069384,1.288178,0.0050,1.796272,2.301358,1.7865
1.0,2.0,9,x_adjust,2.497432,1.497432,0.056849,0.069384,1.288178,0.0050,1.796272,2.301358,1.7865
1.0,2.0,9,xw_adjust,2.142059,1.142059,0.056849,0.069384,1.288178,0.0050,1.796272,2.301358,1.7865
1.0,2.0,9,oracle_xu,1.159813,0.159813,0.056849,0.069384,1.288178,0.0050,1.796272,2.301358,1.7865
1.0,2.0,10,learned_h,2.760573,1.760573,0.055291,0.068815,1.265621,0.0050,1.759888,2.297384,1.8152
1.0,2.0,10,random_h,3.143337,2.143337,0.055291,0.068815,1.265621,0.0050,1.759888,2.297384,1.8152
1.0,2.0,10,naive,3.364934,2.364934,0.055291,0.068815,1.265621,0.0050,1.759888,2.297384,1.8152
1.0,2.0,10,x_adjust,2.589785,1.589785,0.055291,0.068815,1.265621,0.0050,1.759888,2.297384,1.8152
1.0,2.0,10,xw_adjust,2.086045,1.086045,0.055291,0.068815,1.265621,0.0050,1.759888,2.297384,1.8152
1.0,2.0,10,oracle_xu,1.202137,0.202137,0.055291,0.068815,1.265621,0.0050,1.759888,2.297384,1.8152
1.0,2.0,11,learned_h,2.597738,1.597738,0.058143,0.075361,1.178206,0.0050,1.611311,2.106323,1.7877
1.0,2.0,11,random_h,2.969297,1.969297,0.058143,0.075361,1.178206,0.0050,1.611311,2.106323,1.7877
1.0,2.0,11,naive,3.300881,2.300881,0.058143,0.075361,1.178206,0.0050,1.611311,2.106323,1.7877
1.0,2.0,11,x_adjust,2.610928,1.610928,0.058143,0.075361,1.178206,0.0050,1.611311,2.106323,1.7877
1.0,2.0,11,xw_adjust,2.218852,1.218852,0.058143,0.075361,1.178206,0.0050,1.611311,2.106323,1.7877
1.0,2.0,11,oracle_xu,1.167249,0.167249,0.058143,0.075361,1.178206,0.0050,1.611311,2.106323,1.7877
2.0,0.5,0,learned_h,1.704124,0.704124,0.024774,0.038798,0.686445,0.0050,0.685096,1.251511,1.8232
2.0,0.5,0,random_h,2.034319,1.034319,0.024774,0.038798,0.686445,0.0050,0.685096,1.251511,1.8232
2.0,0.5,0,naive,2.350986,1.350986,0.024774,0.038798,0.686445,0.0050,0.685096,1.251511,1.8232
2.0,0.5,0,x_adjust,1.479618,0.479618,0.024774,0.038798,0.686445,0.0050,0.685096,1.251511,1.8232
2.0,0.5,0,xw_adjust,1.382777,0.382777,0.024774,0.038798,0.686445,0.0050,0.685096,1.251511,1.8232
2.0,0.5,0,oracle_xu,1.074537,0.074537,0.024774,0.038798,0.686445,0.0050,0.685096,1.251511,1.8232
2.0,0.5,1,learned_h,1.525961,0.525961,0.023366,0.044840,0.650362,0.0149,0.553143,1.153807,1.7741
2.0,0.5,1,random_h,2.167105,1.167105,0.023366,0.044840,0.650362,0.0149,0.553143,1.153807,1.7741
2.0,0.5,1,naive,2.199860,1.199860,0.023366,0.044840,0.650362,0.0149,0.553143,1.153807,1.7741
2.0,0.5,1,x_adjust,1.631975,0.631975,0.023366,0.044840,0.650362,0.0149,0.553143,1.153807,1.7741
2.0,0.5,1,xw_adjust,1.536177,0.536177,0.023366,0.044840,0.650362,0.0149,0.553143,1.153807,1.7741
2.0,0.5,1,oracle_xu,1.030702,0.030702,0.023366,0.044840,0.650362,0.0149,0.553143,1.153807,1.7741
2.0,0.5,2,learned_h,1.658486,0.658486,0.029343,0.045459,0.739504,0.0050,0.620797,1.342622,1.8156
2.0,0.5,2,random_h,2.322323,1.322323,0.029343,0.045459,0.739504,0.0050,0.620797,1.342622,1.8156
2.0,0.5,2,naive,2.355600,1.355600,0.029343,0.045459,0.739504,0.0050,0.620797,1.342622,1.8156
2.0,0.5,2,x_adjust,1.492611,0.492611,0.029343,0.045459,0.739504,0.0050,0.620797,1.342622,1.8156
2.0,0.5,2,xw_adjust,1.401749,0.401749,0.029343,0.045459,0.739504,0.0050,0.620797,1.342622,1.8156
2.0,0.5,2,oracle_xu,1.004592,0.004592,0.029343,0.045459,0.739504,0.0050,0.620797,1.342622,1.8156
2.0,0.5,3,learned_h,1.642393,0.642393,0.024658,0.043504,0.682150,0.0050,0.630870,1.207506,1.7701
2.0,0.5,3,random_h,2.306254,1.306254,0.024658,0.043504,0.682150,0.0050,0.630870,1.207506,1.7701
2.0,0.5,3,naive,2.368566,1.368566,0.024658,0.043504,0.682150,0.0050,0.630870,1.207506,1.7701
2.0,0.5,3,x_adjust,1.705315,0.705315,0.024658,0.043504,0.682150,0.0050,0.630870,1.207506,1.7701
2.0,0.5,3,xw_adjust,1.711865,0.711865,0.024658,0.043504,0.682150,0.0050,0.630870,1.207506,1.7701
2.0,0.5,3,oracle_xu,1.130145,0.130145,0.024658,0.043504,0.682150,0.0050,0.630870,1.207506,1.7701
2.0,0.5,4,learned_h,1.681984,0.681984,0.024320,0.042877,0.698941,0.0199,0.680945,1.232267,1.7630
2.0,0.5,4,random_h,2.274518,1.274518,0.024320,0.042877,0.698941,0.0199,0.680945,1.232267,1.7630
2.0,0.5,4,naive,2.349859,1.349859,0.024320,0.042877,0.698941,0.0199,0.680945,1.232267,1.7630
2.0,0.5,4,x_adjust,1.569145,0.569145,0.024320,0.042877,0.698941,0.0199,0.680945,1.232267,1.7630
2.0,0.5,4,xw_adjust,1.525703,0.525703,0.024320,0.042877,0.698941,0.0199,0.680945,1.232267,1.7630
2.0,0.5,4,oracle_xu,1.088330,0.088330,0.024320,0.042877,0.698941,0.0199,0.680945,1.232267,1.7630
2.0,0.5,5,learned_h,1.648374,0.648374,0.022855,0.040053,0.697441,0.0398,0.658766,1.264590,1.8132
2.0,0.5,5,random_h,2.181644,1.181644,0.022855,0.040053,0.697441,0.0398,0.658766,1.264590,1.8132
2.0,0.5,5,naive,2.379983,1.379983,0.022855,0.040053,0.697441,0.0398,0.658766,1.264590,1.8132
2.0,0.5,5,x_adjust,1.508289,0.508289,0.022855,0.040053,0.697441,0.0398,0.658766,1.264590,1.8132
2.0,0.5,5,xw_adjust,1.446430,0.446430,0.022855,0.040053,0.697441,0.0398,0.658766,1.264590,1.8132
2.0,0.5,5,oracle_xu,0.993078,0.006922,0.022855,0.040053,0.697441,0.0398,0.658766,1.264590,1.8132
2.0,0.5,6,learned_h,1.602053,0.602053,0.024686,0.041834,0.639736,0.0100,0.632981,1.136878,1.7771
2.0,0.5,6,random_h,2.249699,1.249699,0.024686,0.041834,0.639736,0.0100,0.632981,1.136878,1.7771
2.0,0.5,6,naive,2.247812,1.247812,0.024686,0.041834,0.639736,0.0100,0.632981,1.136878,1.7771
2.0,0.5,6,x_adjust,1.600548,0.600548,0.024686,0.041834,0.639736,0.0100,0.632981,1.136878,1.7771
2.0,0.5,6,xw_adjust,1.515936,0.515936,0.024686,0.041834,0.639736,0.0100,0.632981,1.136878,1.7771
2.0,0.5,6,oracle_xu,1.057812,0.057812,0.024686,0.041834,0.639736,0.0100,0.632981,1.136878,1.7771
2.0,0.5,7,learned_h,1.744623,0.744623,0.028440,0.037524,0.752996,0.0050,0.726579,1.341766,1.7819
2.0,0.5,7,random_h,2.121472,1.121472,0.028440,0.037524,0.752996,0.0050,0.726579,1.341766,1.7819
2.0,0.5,7,naive,2.338740,1.338740,0.028440,0.037524,0.752996,0.0050,0.726579,1.341766,1.7819
2.0,0.5,7,x_adjust,1.614353,0.614353,0.028440,0.037524,0.752996,0.0050,0.726579,1.341766,1.7819
2.0,0.5,7,xw_adjust,1.555046,0.555046,0.028440,0.037524,0.752996,0.0050,0.726579,1.341766,1.7819
2.0,0.5,7,oracle_xu,1.046735,0.046735,0.028440,0.037524,0.752996,0.0050,0.726579,1.341766,1.7819
2.0,0.5,8,learned_h,1.620555,0.620555,0.027756,0.043593,0.676480,0.0050,0.620611,1.224620,1.8103
2.0,0.5,8,random_h,2.230044,1.230044,0.027756,0.043593,0.676480,0.0050,0.620611,1.224620,1.8103
2.0,0.5,8,naive,2.376806,1.376806,0.027756,0.043593,0.676480,0.0050,0.620611,1.224620,1.8103
2.0,0.5,8,x_adjust,1.457984,0.457984,0.027756,0.043593,0.676480,0.0050,0.620611,1.224620,1.8103
2.0,0.5,8,xw_adjust,1.365304,0.365304,0.027756,0.043593,0.676480,0.0050,0.620611,1.224620,1.8103
2.0,0.5,8,oracle_xu,0.964481,0.035519,0.027756,0.043593,0.676480,0.0050,0.620611,1.224620,1.8103
2.0,0.5,9,learned_h,1.651376,0.651376,0.023128,0.046930,0.650839,0.0050,0.631273,1.169450,1.7968
2.0,0.5,9,random_h,2.375674,1.375674,0.023128,0.046930,0.650839,0.0050,0.631273,1.169450,1.7968
2.0,0.5,9,naive,2.389050,1.389050,0.023128,0.046930,0.650839,0.0050,0.631273,1.169450,1.7968
2.0,0.5,9,x_adjust,1.517007,0.517007,0.023128,0.046930,0.650839,0.0050,0.631273,1.169450,1.7968
2.0,0.5,9,xw_adjust,1.468642,0.468642,0.023128,0.046930,0.650839,0.0050,0.631273,1.169450,1.7968
2.0,0.5,9,oracle_xu,1.036176,0.036176,0.023128,0.046930,0.650839,0.0050,0.631273,1.169450,1.7968
2.0,0.5,10,learned_h,1.764944,0.764944,0.029918,0.051117,0.746489,0.0050,0.804047,1.324095,1.7738
2.0,0.5,10,random_h,2.321165,1.321165,0.029918,0.051117,0.746489,0.0050,0.804047,1.324095,1.7738
2.0,0.5,10,naive,2.375540,1.375540,0.029918,0.051117,0.746489,0.0050,0.804047,1.324095,1.7738
2.0,0.5,10,x_adjust,1.659397,0.659397,0.029918,0.051117,0.746489,0.0050,0.804047,1.324095,1.7738
2.0,0.5,10,xw_adjust,1.559686,0.559686,0.029918,0.051117,0.746489,0.0050,0.804047,1.324095,1.7738
2.0,0.5,10,oracle_xu,1.110506,0.110506,0.029918,0.051117,0.746489,0.0050,0.804047,1.324095,1.7738
2.0,0.5,11,learned_h,1.767032,0.767032,0.021363,0.046397,0.661749,0.0050,0.789712,1.186263,1.7926
2.0,0.5,11,random_h,2.208646,1.208646,0.021363,0.046397,0.661749,0.0050,0.789712,1.186263,1.7926
2.0,0.5,11,naive,2.322723,1.322723,0.021363,0.046397,0.661749,0.0050,0.789712,1.186263,1.7926
2.0,0.5,11,x_adjust,1.587588,0.587588,0.021363,0.046397,0.661749,0.0050,0.789712,1.186263,1.7926
2.0,0.5,11,xw_adjust,1.480650,0.480650,0.021363,0.046397,0.661749,0.0050,0.789712,1.186263,1.7926
2.0,0.5,11,oracle_xu,1.022084,0.022084,0.021363,0.046397,0.661749,0.0050,0.789712,1.186263,1.7926
2.0,1.0,0,learned_h,2.028888,1.028888,0.034416,0.053114,0.888317,0.0050,1.071636,1.611510,1.8141
2.0,1.0,0,random_h,2.715350,1.715350,0.034416,0.053114,0.888317,0.0050,1.071636,1.611510,1.8141
2.0,1.0,0,naive,2.829920,1.829920,0.034416,0.053114,0.888317,0.0050,1.071636,1.611510,1.8141
2.0,1.0,0,x_adjust,2.003802,1.003802,0.034416,0.053114,0.888317,0.0050,1.071636,1.611510,1.8141
2.0,1.0,0,xw_adjust,1.921213,0.921213,0.034416,0.053114,0.888317,0.0050,1.071636,1.611510,1.8141
2.0,1.0,0,oracle_xu,1.101023,0.101023,0.034416,0.053114,0.888317,0.0050,1.071636,1.611510,1.8141
2.0,1.0,1,learned_h,2.161184,1.161184,0.029320,0.054351,0.955713,0.0050,1.165967,1.723730,1.8036
2.0,1.0,1,random_h,2.780247,1.780247,0.029320,0.054351,0.955713,0.0050,1.165967,1.723730,1.8036
2.0,1.0,1,naive,2.844594,1.844594,0.029320,0.054351,0.955713,0.0050,1.165967,1.723730,1.8036
2.0,1.0,1,x_adjust,2.009660,1.009660,0.029320,0.054351,0.955713,0.0050,1.165967,1.723730,1.8036
2.0,1.0,1,xw_adjust,1.843239,0.843239,0.029320,0.054351,0.955713,0.0050,1.165967,1.723730,1.8036
2.0,1.0,1,oracle_xu,1.073749,0.073749,0.029320,0.054351,0.955713,0.0050,1.165967,1.723730,1.8036
2.0,1.0,2,learned_h,2.233459,1.233459,0.034937,0.054797,0.951577,0.0050,1.233590,1.705177,1.7919
2.0,1.0,2,random_h,2.784574,1.784574,0.034937,0.054797,0.951577,0.0050,1.233590,1.705177,1.7919
2.0,1.0,2,naive,2.839316,1.839316,0.034937,0.054797,0.951577,0.0050,1.233590,1.705177,1.7919
2.0,1.0,2,x_adjust,1.977071,0.977071,0.034937,0.054797,0.951577,0.0050,1.233590,1.705177,1.7919
2.0,1.0,2,xw_adjust,1.856353,0.856353,0.034937,0.054797,0.951577,0.0050,1.233590,1.705177,1.7919
2.0,1.0,2,oracle_xu,1.088562,0.088562,0.034937,0.054797,0.951577,0.0050,1.233590,1.705177,1.7919
2.0,1.0,3,learned_h,2.139076,1.139076,0.031383,0.035599,0.918185,0.0050,1.115410,1.603353,1.7462
2.0,1.0,3,random_h,2.464120,1.464120,0.031383,0.035599,0.918185,0.0050,1.115410,1.603353,1.7462
2.0,1.0,3,naive,2.678021,1.678021,0.031383,0.035599,0.918185,0.0050,1.115410,1.603353,1.7462
2.0,1.0,3,x_adjust,1.870820,0.870820,0.031383,0.035599,0.918185,0.0050,1.115410,1.603353,1.7462
2.0,1.0,3,xw_adjust,1.736708,0.736708,0.031383,0.035599,0.918185,0.0050,1.115410,1.603353,1.7462
2.0,1.0,3,oracle_xu,1.033787,0.033787,0.031383,0.035599,0.918185,0.0050,1.115410,1.603353,1.7462
2.0,1.0,4,learned_h,2.264379,1.264379,0.034571,0.049597,0.902537,0.0050,1.221396,1.605064,1.7784
2.0,1.0,4,random_h,2.492108,1.492108,0.034571,0.049597,0.902537,0.0050,1.221396,1.605064,1.7784
2.0,1.0,4,naive,2.768536,1.768536,0.034571,0.049597,0.902537,0.0050,1.221396,1.605064,1.7784
2.0,1.0,4,x_adjust,2.122822,1.122822,0.034571,0.049597,0.902537,0.0050,1.221396,1.605064,1.7784
2.0,1.0,4,xw_adjust,1.974034,0.974034,0.034571,0.049597,0.902537,0.0050,1.221396,1.605064,1.7784
2.0,1.0,4,oracle_xu,1.155990,0.155990,0.034571,0.049597,0.902537,0.0050,1.221396,1.605064,1.7784
2.0,1.0,5,learned_h,2.043293,1.043293,0.028166,0.052062,0.842845,0.0050,1.011040,1.519233,1.8025
2.0,1.0,5,random_h,2.808541,1.808541,0.028166,0.052062,0.842845,0.0050,1.011040,1.519233,1.8025
2.0,1.0,5,naive,2.931072,1.931072,0.028166,0.052062,0.842845,0.0050,1.011040,1.519233,1.8025
2.0,1.0,5,x_adjust,2.008917,1.008917,0.028166,0.052062,0.842845,0.0050,1.011040,1.519233,1.8025
2.0,1.0,5,xw_adjust,1.868122,0.868122,0.028166,0.052062,0.842845,0.0050,1.011040,1.519233,1.8025
2.0,1.0,5,oracle_xu,1.049861,0.049861,0.028166,0.052062,0.842845,0.0050,1.011040,1.519233,1.8025
2.0,1.0,6,learned_h,2.001843,1.001843,0.030390,0.046004,0.856197,0.0050,0.981111,1.520531,1.7759
2.0,1.0,6,random_h,2.417662,1.417662,0.030390,0.046004,0.856197,0.0050,0.981111,1.520531,1.7759
2.0,1.0,6,naive,2.716924,1.716924,0.030390,0.046004,0.856197,0.0050,0.981111,1.520531,1.7759
2.0,1.0,6,x_adjust,1.941465,0.941465,0.030390,0.046004,0.856197,0.0050,0.981111,1.520531,1.7759
2.0,1.0,6,xw_adjust,1.812434,0.812434,0.030390,0.046004,0.856197,0.0050,0.981111,1.520531,1.7759
2.0,1.0,6,oracle_xu,1.024182,0.024182,0.030390,0.046004,0.856197,0.0050,0.981111,1.520531,1.7759
2.0,1.0,7,learned_h,1.997128,0.997128,0.025334,0.044023,0.874702,0.0050,0.980894,1.572416,1.7977
2.0,1.0,7,random_h,2.529384,1.529384,0.025334,0.044023,0.874702,0.0050,0.980894,1.572416,1.7977
2.0,1.0,7,naive,2.812780,1.812780,0.025334,0.044023,0.874702,0.0050,0.980894,1.572416,1.7977
2.0,1.0,7,x_adjust,1.993102,0.993102,0.025334,0.044023,0.874702,0.0050,0.980894,1.572416,1.7977
2.0,1.0,7,xw_adjust,1.862165,0.862165,0.025334,0.044023,0.874702,0.0050,0.980894,1.572416,1.7977
2.0,1.0,7,oracle_xu,1.008154,0.008154,0.025334,0.044023,0.874702,0.0050,0.980894,1.572416,1.7977
2.0,1.0,8,learned_h,2.306615,1.306615,0.034425,0.057500,0.889985,0.0050,1.262750,1.581027,1.7765
2.0,1.0,8,random_h,2.899660,1.899660,0.034425,0.057500,0.889985,0.0050,1.262750,1.581027,1.7765
2.0,1.0,8,naive,2.901888,1.901888,0.034425,0.057500,0.889985,0.0050,1.262750,1.581027,1.7765
2.0,1.0,8,x_adjust,2.017068,1.017068,0.034425,0.057500,0.889985,0.0050,1.262750,1.581027,1.7765
2.0,1.0,8,xw_adjust,1.876048,0.876048,0.034425,0.057500,0.889985,0.0050,1.262750,1.581027,1.7765
2.0,1.0,8,oracle_xu,1.095436,0.095436,0.034425,0.057500,0.889985,0.0050,1.262750,1.581027,1.7765
2.0,1.0,9,learned_h,1.935081,0.935081,0.030360,0.045757,0.791769,0.0050,0.943189,1.414228,1.7862
2.0,1.0,9,random_h,2.502513,1.502513,0.030360,0.045757,0.791769,0.0050,0.943189,1.414228,1.7862
2.0,1.0,9,naive,2.639942,1.639942,0.030360,0.045757,0.791769,0.0050,0.943189,1.414228,1.7862
2.0,1.0,9,x_adjust,2.061046,1.061046,0.030360,0.045757,0.791769,0.0050,0.943189,1.414228,1.7862
2.0,1.0,9,xw_adjust,1.956099,0.956099,0.030360,0.045757,0.791769,0.0050,0.943189,1.414228,1.7862
2.0,1.0,9,oracle_xu,1.122993,0.122993,0.030360,0.045757,0.791769,0.0050,0.943189,1.414228,1.7862
2.0,1.0,10,learned_h,2.027065,1.027065,0.029618,0.053645,0.933128,0.0050,1.027865,1.699769,1.8216
2.0,1.0,10,random_h,2.828235,1.828235,0.029618,0.053645,0.933128,0.0050,1.027865,1.699769,1.8216
2.0,1.0,10,naive,2.857538,1.857538,0.029618,0.053645,0.933128,0.0050,1.027865,1.699769,1.8216
2.0,1.0,10,x_adjust,2.023011,1.023011,0.029618,0.053645,0.933128,0.0050,1.027865,1.699769,1.8216
2.0,1.0,10,xw_adjust,1.882389,0.882389,0.029618,0.053645,0.933128,0.0050,1.027865,1.699769,1.8216
2.0,1.0,10,oracle_xu,1.112370,0.112370,0.029618,0.053645,0.933128,0.0050,1.027865,1.699769,1.8216
2.0,1.0,11,learned_h,2.343191,1.343191,0.026495,0.048919,0.962160,0.0050,1.351052,1.735683,1.8039
2.0,1.0,11,random_h,2.692878,1.692878,0.026495,0.048919,0.962160,0.0050,1.351052,1.735683,1.8039
2.0,1.0,11,naive,2.954804,1.954804,0.026495,0.048919,0.962160,0.0050,1.351052,1.735683,1.8039
2.0,1.0,11,x_adjust,1.977513,0.977513,0.026495,0.048919,0.962160,0.0050,1.351052,1.735683,1.8039
2.0,1.0,11,xw_adjust,1.835512,0.835512,0.026495,0.048919,0.962160,0.0050,1.351052,1.735683,1.8039
2.0,1.0,11,oracle_xu,1.051069,0.051069,0.026495,0.048919,0.962160,0.0050,1.351052,1.735683,1.8039
2.0,2.0,0,learned_h,2.711272,1.711272,0.041479,0.056058,1.289832,0.0050,1.736962,2.303574,1.7859
2.0,2.0,0,random_h,3.200012,2.200012,0.041479,0.056058,1.289832,0.0050,1.736962,2.303574,1.7859
2.0,2.0,0,naive,3.270912,2.270912,0.041479,0.056058,1.289832,0.0050,1.736962,2.303574,1.7859
2.0,2.0,0,x_adjust,2.483123,1.483123,0.041479,0.056058,1.289832,0.0050,1.736962,2.303574,1.7859
2.0,2.0,0,xw_adjust,2.317162,1.317162,0.041479,0.056058,1.289832,0.0050,1.736962,2.303574,1.7859
2.0,2.0,0,oracle_xu,1.170910,0.170910,0.041479,0.056058,1.289832,0.0050,1.736962,2.303574,1.7859
2.0,2.0,1,learned_h,2.697072,1.697072,0.047044,0.060361,1.272263,0.0050,1.675192,2.313723,1.8186
2.0,2.0,1,random_h,3.303488,2.303488,0.047044,0.060361,1.272263,0.0050,1.675192,2.313723,1.8186
2.0,2.0,1,naive,3.330551,2.330551,0.047044,0.060361,1.272263,0.0050,1.675192,2.313723,1.8186
2.0,2.0,1,x_adjust,2.537858,1.537858,0.047044,0.060361,1.272263,0.0050,1.675192,2.313723,1.8186
2.0,2.0,1,xw_adjust,2.364890,1.364890,0.047044,0.060361,1.272263,0.0050,1.675192,2.313723,1.8186
2.0,2.0,1,oracle_xu,1.181456,0.181456,0.047044,0.060361,1.272263,0.0050,1.675192,2.313723,1.8186
2.0,2.0,2,learned_h,2.615162,1.615162,0.044212,0.062742,1.219976,0.0050,1.629622,2.221888,1.8213
2.0,2.0,2,random_h,3.285693,2.285693,0.044212,0.062742,1.219976,0.0050,1.629622,2.221888,1.8213
2.0,2.0,2,naive,3.346252,2.346252,0.044212,0.062742,1.219976,0.0050,1.629622,2.221888,1.8213
2.0,2.0,2,x_adjust,2.570699,1.570699,0.044212,0.062742,1.219976,0.0050,1.629622,2.221888,1.8213
2.0,2.0,2,xw_adjust,2.440765,1.440765,0.044212,0.062742,1.219976,0.0050,1.629622,2.221888,1.8213
2.0,2.0,2,oracle_xu,1.083311,0.083311,0.044212,0.062742,1.219976,0.0050,1.629622,2.221888,1.8213
2.0,2.0,3,learned_h,2.760736,1.760736,0.037048,0.047661,1.261757,0.0050,1.793737,2.259749,1.7910
2.0,2.0,3,random_h,2.924069,1.924069,0.037048,0.047661,1.261757,0.0050,1.793737,2.259749,1.7910
2.0,2.0,3,naive,3.334301,2.334301,0.037048,0.047661,1.261757,0.0050,1.793737,2.259749,1.7910
2.0,2.0,3,x_adjust,2.444046,1.444046,0.037048,0.047661,1.261757,0.0050,1.793737,2.259749,1.7910
2.0,2.0,3,xw_adjust,2.341651,1.341651,0.037048,0.047661,1.261757,0.0050,1.793737,2.259749,1.7910
2.0,2.0,3,oracle_xu,1.167744,0.167744,0.037048,0.047661,1.261757,0.0050,1.793737,2.259749,1.7910
2.0,2.0,4,learned_h,2.633336,1.633336,0.040793,0.055176,1.231794,0.0050,1.648272,2.224061,1.8055
2.0,2.0,4,random_h,3.061486,2.061486,0.040793,0.055176,1.231794,0.0050,1.648272,2.224061,1.8055
2.0,2.0,4,naive,3.335544,2.335544,0.040793,0.055176,1.231794,0.0050,1.648272,2.224061,1.8055
2.0,2.0,4,x_adjust,2.506181,1.506181,0.040793,0.055176,1.231794,0.0050,1.648272,2.224061,1.8055
2.0,2.0,4,xw_adjust,2.322128,1.322128,0.040793,0.055176,1.231794,0.0050,1.648272,2.224061,1.8055
2.0,2.0,4,oracle_xu,1.204099,0.204099,0.040793,0.055176,1.231794,0.0050,1.648272,2.224061,1.8055
2.0,2.0,5,learned_h,2.619418,1.619418,0.042455,0.060469,1.171492,0.0050,1.603363,2.127127,1.8157
2.0,2.0,5,random_h,3.174281,2.174281,0.042455,0.060469,1.171492,0.0050,1.603363,2.127127,1.8157
2.0,2.0,5,naive,3.278323,2.278323,0.042455,0.060469,1.171492,0.0050,1.603363,2.127127,1.8157
2.0,2.0,5,x_adjust,2.547617,1.547617,0.042455,0.060469,1.171492,0.0050,1.603363,2.127127,1.8157
2.0,2.0,5,xw_adjust,2.370787,1.370787,0.042455,0.060469,1.171492,0.0050,1.603363,2.127127,1.8157
2.0,2.0,5,oracle_xu,1.162098,0.162098,0.042455,0.060469,1.171492,0.0050,1.603363,2.127127,1.8157
2.0,2.0,6,learned_h,2.587349,1.587349,0.040024,0.055854,1.162155,0.0050,1.561142,2.054459,1.7678
2.0,2.0,6,random_h,3.086174,2.086174,0.040024,0.055854,1.162155,0.0050,1.561142,2.054459,1.7678
2.0,2.0,6,naive,3.249610,2.249610,0.040024,0.055854,1.162155,0.0050,1.561142,2.054459,1.7678
2.0,2.0,6,x_adjust,2.524602,1.524602,0.040024,0.055854,1.162155,0.0050,1.561142,2.054459,1.7678
2.0,2.0,6,xw_adjust,2.356013,1.356013,0.040024,0.055854,1.162155,0.0050,1.561142,2.054459,1.7678
2.0,2.0,6,oracle_xu,1.087613,0.087613,0.040024,0.055854,1.162155,0.0050,1.561142,2.054459,1.7678
2.0,2.0,7,learned_h,2.829175,1.829175,0.042474,0.062033,1.334900,0.0050,1.787820,2.415302,1.8094
2.0,2.0,7,random_h,3.324513,2.324513,0.042474,0.062033,1.334900,0.0050,1.787820,2.415302,1.8094
2.0,2.0,7,naive,3.393732,2.393732,0.042474,0.062033,1.334900,0.0050,1.787820,2.415302,1.8094
2.0,2.0,7,x_adjust,2.534038,1.534038,0.042474,0.062033,1.334900,0.0050,1.787820,2.415302,1.8094
2.0,2.0,7,xw_adjust,2.394571,1.394571,0.042474,0.062033,1.334900,0.0050,1.787820,2.415302,1.8094
2.0,2.0,7,oracle_xu,1.083795,0.083795,0.042474,0.062033,1.334900,0.0050,1.787820,2.415302,1.8094
2.0,2.0,8,learned_h,2.621525,1.621525,0.035617,0.064665,1.170749,0.0050,1.608194,2.142133,1.8297
2.0,2.0,8,random_h,3.358268,2.358268,0.035617,0.064665,1.170749,0.0050,1.608194,2.142133,1.8297
2.0,2.0,8,naive,3.368100,2.368100,0.035617,0.064665,1.170749,0.0050,1.608194,2.142133,1.8297
2.0,2.0,8,x_adjust,2.535239,1.535239,0.035617,0.064665,1.170749,0.0050,1.608194,2.142133,1.8297
2.0,2.0,8,xw_adjust,2.417026,1.417026,0.035617,0.064665,1.170749,0.0050,1.608194,2.142133,1.8297
2.0,2.0,8,oracle_xu,1.207224,0.207224,0.035617,0.064665,1.170749,0.0050,1.608194,2.142133,1.8297
2.0,2.0,9,learned_h,2.727350,1.727350,0.038310,0.056342,1.300783,0.0050,1.746178,2.302198,1.7699
2.0,2.0,9,random_h,3.229683,2.229683,0.038310,0.056342,1.300783,0.0050,1.746178,2.302198,1.7699
2.0,2.0,9,naive,3.288789,2.288789,0.038310,0.056342,1.300783,0.0050,1.746178,2.302198,1.7699
2.0,2.0,9,x_adjust,2.567880,1.567880,0.038310,0.056342,1.300783,0.0050,1.746178,2.302198,1.7699
2.0,2.0,9,xw_adjust,2.429083,1.429083,0.038310,0.056342,1.300783,0.0050,1.746178,2.302198,1.7699
2.0,2.0,9,oracle_xu,1.217229,0.217229,0.038310,0.056342,1.300783,0.0050,1.746178,2.302198,1.7699
2.0,2.0,10,learned_h,2.798704,1.798704,0.044248,0.057833,1.252684,0.0050,1.760300,2.244559,1.7918
2.0,2.0,10,random_h,3.218468,2.218468,0.044248,0.057833,1.252684,0.0050,1.760300,2.244559,1.7918
2.0,2.0,10,naive,3.316698,2.316698,0.044248,0.057833,1.252684,0.0050,1.760300,2.244559,1.7918
2.0,2.0,10,x_adjust,2.654825,1.654825,0.044248,0.057833,1.252684,0.0050,1.760300,2.244559,1.7918
2.0,2.0,10,xw_adjust,2.483948,1.483948,0.044248,0.057833,1.252684,0.0050,1.760300,2.244559,1.7918
2.0,2.0,10,oracle_xu,1.186014,0.186014,0.044248,0.057833,1.252684,0.0050,1.760300,2.244559,1.7918
2.0,2.0,11,learned_h,2.599229,1.599229,0.040612,0.055113,1.200742,0.0050,1.600551,2.172655,1.8094
2.0,2.0,11,random_h,3.128613,2.128613,0.040612,0.055113,1.200742,0.0050,1.600551,2.172655,1.8094
2.0,2.0,11,naive,3.323340,2.323340,0.040612,0.055113,1.200742,0.0050,1.600551,2.172655,1.8094
2.0,2.0,11,x_adjust,2.551993,1.551993,0.040612,0.055113,1.200742,0.0050,1.600551,2.172655,1.8094
2.0,2.0,11,xw_adjust,2.412180,1.412180,0.040612,0.055113,1.200742,0.0050,1.600551,2.172655,1.8094
2.0,2.0,11,oracle_xu,1.162018,0.162018,0.040612,0.055113,1.200742,0.0050,1.600551,2.172655,1.8094
